id,name,sort,hud_icon,sound_fire,mute_sound_fire,sound_fire_middle_range,sound_fire_long_range,sound_fire_middle_range_low,sound_fire_long_range_low,mute_sound_fire_low,sound_clip_in,sound_clip_out,sound_change_weapon,type,subtype,subsubtype,combine_type,damage,ammo_clip_size,initial_clip_count,fire_interval,ammo_id,attachment_slot,fire_type,bite_armor,range,full_damage_distance,min_damage_distance,min_damage,scatter_num,scatter_speed,scatter_move,scatter_max,scatter_recover_speed,player_speed_factor,player_speed_factor_while_firing,once_ammo,reload_speed,sight_equip,sight_default_equip,attachment_default_equip,sight_switch_music,sight_switch_time,sight_shoot_mindmg_numy,sight_ui_action_ratio,sight_ui_action_recovery,angle,delay,silencer,single_shot,repeat_fire_interval,damage_ratio_body,damage_ratio_head,damage_ratio_limb,knock_down_damage,armor_penetration_rate,buff_id,extra_damage_rate,fireShakeParam,canautoswitch,gunfireinterval,icewall_breakdown_rate,boost_damage,boost_damage_interval,sound_pull_bolt,bullet_effect,fire_effect,second_fire_effect,hd_anim_controller,hd_female_anim_controller,full_hd_anim_controller,full_hd_female_anim_controller,id_weaponskin,weapon_gold_type,ishealgun,ifautofire_enemy,pre_exchange_time,post_exchange_time,absolute_exchange_time,fire_vibrate,clip_vibrate,TagID,headshot_full_ratio_distance,headshot_min_ratio_distance,headshot_min_ratio
武器id,名字,PVE排序,hud图标索引,开火音效,消音器开火音效,开火音效(中距离),开火音效(长距离),开火音效(中距离)-低配,开火音效(长距离)-低配,消音器开火音效-低配,上弹夹,拔弹夹,切换武器,武器类型,武器子类型,武器子类型的子类型,武器子类型（双持，1和自己，2均可）,基本伤害,弹夹子弹数量,初始弹夹数量,发射间隔,子弹id,配件槽位(手枪仅能使用枪口及弹夹),开火类型(全自动连发，三连发等保留),护甲穿透(保留),射程,满伤害距离,最小伤害开始距离,最小伤害,开始散射阈值(连射子弹数目),扩散增加速度(0.1 = 每多一次连发准星扩大10%),移动情况下扩散大小(1.5 = 1.5 * 基本准星大小),最大扩散阈值(2 = 2 * 基本准星大小),扩散恢复速度(保留),玩家移动速度影响(0.9 = 基础移速90%),射击时的玩家速度影响,一次发射子弹数量，霰弹枪专有,换弹夹速度(基础速度 * 该系数),可装配瞄准镜,默认瞄准镜,默认配件,开关镜音效,开关镜过度时间(s),瞄镜最小伤害距离修正系数Y,瞄镜抖动幅度系数修正,瞄镜抖动恢复时间修正,角度,开火延迟,默认消音,,,（改为加减，比如填1.5，对身体伤害变为1加1.5）,（改为加减，比如填-1，对爆头伤害变为5.5减1）,（改为加减，比如填1.5，对四肢伤害变为0.75加1.5）,倒地额外伤害（加减伤害）,,,额外伤害比例(车、油桶 冰墙),xOffset#yOffset#skakeDurationOffset(shakeduration = fireinterval C shakedurationOffset)#OffsetRandBottomRatio,,枪火间隔,冰墙穿透系数,额外伤害,额外伤害触发的射击次数（填2就是2，4，6触发),拉栓,弹壳,枪火特效,枪火特效二,,,,,皮肤关联ID（填写即可以使用这个ID的皮肤）,是否是黄金枪类型,是否治疗枪机制,对敌人自瞄,切枪前置时间,切枪后置时间,绝对切枪时间（切到这把枪固定时间）,发射子弹震动,换弹夹震动,TagID，用分号;隔开,满爆头距离,最小爆头系数开始距离,最小爆头系数
1,fist,1,icon_HUD_fist,SOUND_FIST_PUNCH_1,SOUND_FIST_PUNCH_1,SOUND_WEAPON_EMPTY,SOUND_WEAPON_EMPTY,SOUND_WEAPON_EMPTY,SOUND_WEAPON_EMPTY,SOUND_FIST_PUNCH_1,SOUND_KNIFE_FIRE,SOUND_KNIFE_FIRE,SOUND_SWITCH_WEAPON,3,0,,,20,0,0,0.5,,,0,0,1.35,1.35,1.35,20,1,1,1,1,1,1.2,1,1,0,,,,SOUND_EQUIP,0.15,,,,55,0.18,,FALSE,,,,,,,,,,FALSE,0,,,,,,,,,,INGAME_WEAPON_OVERRIDE_ANIM_FIST_MALE_FULL_HD,INGAME_WEAPON_OVERRIDE_ANIM_FIST_FEMALE_FULL_HD,,,,,,0.2,0.35,,,,,,
2,M4A1,2,Icon_HUD_M4A1,SOUND_M4A1_FIRE,SOUND_M4A1_SILENCER,SOUND_M4A1_MIDDLERANGE,SOUND_M4A1_LONGRANGE,SOUND_AR_MIDDLERANGE,SOUND_AR_LONGRANGE,SOUND_AR_SILENCER,SOUND_M4A1_CLIPIN,SOUND_M4A1_CLIPOUT,SOUND_SWITCH_WEAPON_RIFLE,0,0,,,29,30,1,0.172,201,0;1;2;3;4,1,0,220,45,90,11,6,0.18,1.15,2,10,1,0.55,1,0.9,531;532;533;534;535;536;537,532,,SOUND_EQUIP,0.2,10,,,,,,FALSE,,,,,,,,,0.02#0.02#0.12#0.6,TRUE,5,,,,,,,,,,INGAME_WEAPON_OVERRIDE_ANIM_SCAR_MALE_FULL_HD,INGAME_WEAPON_OVERRIDE_ANIM_SCAR_FEMALE_FULL_HD,,,,,0.25,0.25,,102,402,77;30,,,
3,USP,3,Icon_HUD_USP,SOUND_USP_FIRE,SOUND_USP_SILENCER,SOUND_USP_MIDDLERANGE,SOUND_USP_LONGRANGE,SOUND_AR_MIDDLERANGE,SOUND_AR_LONGRANGE,SOUND_AR_SILENCER,SOUND_USP_CLIPIN,SOUND_USP_CLIPOUT,SOUND_SWITCH_WEAPON_HAND,2,0,,,20,12,1,0.3,202,0;1,1,0,40,15,30,10,10,0.15,1.15,2,10,1.1,0.85,1,1.4,,,,SOUND_EQUIP,0.2,8,,,,,,FALSE,,,,,,,,,0.008#0.016#0.15#0.6,TRUE,2,,,,,,,,,,INGAME_WEAPON_OVERRIDE_ANIM_USP45_MALE_FULL_HD,INGAME_WEAPON_OVERRIDE_ANIM_USP45_FEMALE_FULL_HD,,,,,0.2,0.2,,103,403,30,,,
4,AWM,4,Icon_HUD_AWM,SOUND_AWM_FIRE,SOUND_AWM_SILENCER,SOUND_AWM_MIDDLERANGE,SOUND_AWM_LONGRANGE,SOUND_AR_MIDDLERANGE,SOUND_AR_LONGRANGE,SOUND_AR_SILENCER,SOUND_AWM_CLIPIN,SOUND_AWM_CLIPOUT,SOUND_SWITCH_WEAPON_SNIPER,1,0,,,200,5,1,1.42,203,0;1;5,1,0.08,220,70,90,150,5,0,1,1,10,1,0.8,1,0.7,531;532;533;534;535;536;537,536,,SOUND_EQUIP,0.2,50,,,,,,FALSE,,0.5,,,,,,,0.01#0.1#0.92#0.6,TRUE,1,,,,SOUND_Weapon_AWM_Bolt,EFFECT_BULLET_AWM,,,INGAME_WEAPON_OVERRIDE_ANIM_SNIPER_AWM_HD,INGAME_WEAPON_OVERRIDE_ANIM_SNIPER_AWM_FEMALE_HD,INGAME_WEAPON_OVERRIDE_ANIM_AWM_MALE_FULL_HD,INGAME_WEAPON_OVERRIDE_ANIM_AWM_FEMALE_FULL_HD,,,,,0.5,0.25,,104,404,42;73;1,,,
5,M1014,5,Icon_HUD_M1014,SOUND_M1014_FIRE,SOUND_M1014_FIRE,SOUND_M1014_MIDDLERANGE,SOUND_M1014_MIDDLERANGE,SOUND_AR_MIDDLERANGE,SOUND_AR_LONGRANGE,SOUND_M1014_FIRE,SOUND_M1014_CLIPIN,SOUND_M1014_CLIPOUT,SOUND_SWITCH_WEAPON_SHOTGUN,4,0,,,26,6,1,0.38,204,4,1,0,14,5,10,13,0,1,1.5,4,10,1,0.45,6,0.5,,,,SOUND_EQUIP,0.2,,,,,,,FALSE,,,,,,,,,0.012#0.08#0.18#0.6,TRUE,1,,,,,,,,INGAME_WEAPON_OVERRIDE_ANIM_M1014_HD,INGAME_WEAPON_OVERRIDE_ANIM_M1014_FEMALE_HD,INGAME_WEAPON_OVERRIDE_ANIM_M1014_MALE_FULL_HD,INGAME_WEAPON_OVERRIDE_ANIM_M1014_FEMALE_FULL_HD,,,,,0.3,0.25,,105,405,74;27,8,13,-2
6,AK,6,Icon_HUD_AK,SOUND_AK47_FIRE,SOUND_AK_SILENCER,SOUND_AK_MIDDLERANGE,SOUND_AK_LONGRANGE,SOUND_AR_MIDDLERANGE,SOUND_AR_LONGRANGE,SOUND_AR_SILENCER,SOUND_AK47_CLIPIN,SOUND_AK47_CLIPOUT,SOUND_SWITCH_WEAPON_RIFLE,0,0,,,38,30,1,0.185,201,0;1;2;3;4,1,0,220,38,85,14,2,0.3,1.2,2.4,10,1,0.55,1,0.8,531;532;533;534;535;536;537,532,,SOUND_EQUIP,0.2,18,,,,,,FALSE,,,,,,,,,0.025#0.025#0.1#0.6,TRUE,5,,,,,EFFECT_BULLET_AK,,,,,INGAME_WEAPON_OVERRIDE_ANIM_AK_MALE_FULL_HD,INGAME_WEAPON_OVERRIDE_ANIM_AK_FEMALE_FULL_HD,,,,,0.25,0.25,,106,406,5;78,,,
7,UMP,7,Icon_HUD_UMP,SOUND_UMP_FIRE,SOUND_UMP_SILENCER,SOUND_UMPSG_MIDDLERANGE,SOUND_UMPSG_LONGRANGE,SOUND_AR_MIDDLERANGE,SOUND_AR_LONGRANGE,SOUND_AR_SILENCER,SOUND_UMP_CLIPIN,SOUND_UMP_CLIPOUT,SOUND_SWITCH_WEAPON_SUB,6,0,,,25,30,1,0.095,205,0;1;2;3,1,0.3,220,11,27,17,2,0.2,1,2.6,11,1.15,0.85,1,1.05,531;532;533;534;535;536;537,532,,SOUND_EQUIP_2,0.15,4,,,,,,FALSE,,,,,,,,,0.01#0.022#0.06#0.6,TRUE,7,,,,,,,,,,INGAME_WEAPON_OVERRIDE_ANIM_MP5_MALE_FULL_HD,INGAME_WEAPON_OVERRIDE_ANIM_MP5_FEMALE_FULL_HD,,,,,0.25,0.25,,107,407,31;8;2,12,20,-2
8,MP5,8,Icon_HUD_MP5,SOUND_MP5_FIRE,SOUND_MP5_SILENCER,SOUND_MP5_MIDDLERANGE,SOUND_MP5_LONGRANGE,SOUND_AR_MIDDLERANGE,SOUND_AR_LONGRANGE,SOUND_AR_SILENCER,SOUND_MP5_CLIPIN,SOUND_MP5_CLIPOUT,SOUND_SWITCH_WEAPON_SUB,6,0,,,23,30,1,0.088,205,0;1;3;5,1,0,220,18,34,10,6,0.14,1.1,2.2,10,1,0.85,1,1.1,531;532;533;534;535;536;537,532,,SOUND_EQUIP_2,0.2,4,,,,,,FALSE,,,,,,,,,0.008#0.02#0.08#0.6,TRUE,6,,,,,,,,,,INGAME_WEAPON_OVERRIDE_ANIM_MP5_MALE_FULL_HD,INGAME_WEAPON_OVERRIDE_ANIM_MP5_FEMALE_FULL_HD,,,,,0.25,0.25,,108,408,9;30,12,20,-2
9,EAGLE,9,Icon_HUD_DE,SOUND_EAGLE_FIRE,SOUND_EAGLEL_SILENCER,SOUND_EAGLE_MIDDLERANGE,SOUND_EAGLE_LONGRANGE,SOUND_AR_MIDDLERANGE,SOUND_AR_LONGRANGE,SOUND_AR_SILENCER,SOUND_EAGLE_CLIPIN,SOUND_EAGLE_CLIPOUT,SOUND_SWITCH_WEAPON_HAND,2,0,,,90,7,1,0.55,202,0,1,0,220,46,75,68,3,0.19,1.2,2.5,10,1.1,0.85,1,1.2,,,,SOUND_EQUIP,0.2,8,,,,,,FALSE,,,,,,,,,0.01#0.04#0.24#0.6,TRUE,1,,,,,,,,,,INGAME_WEAPON_OVERRIDE_ANIM_USP45_MALE_FULL_HD,INGAME_WEAPON_OVERRIDE_ANIM_USP45_FEMALE_FULL_HD,,,,,0.2,0.2,,109,409,6;28;13,,,
10,G18,10,Icon_HUD_G18,SOUND_G18_FIRE,SOUND_G18_SILENCER,SOUND_G18_MIDDLERANGE,SOUND_G18_LONGRANGE,SOUND_AR_MIDDLERANGE,SOUND_AR_LONGRANGE,SOUND_AR_SILENCER,SOUND_G18_CLIPIN,SOUND_G18_CLIPOUT,SOUND_SWITCH_WEAPON_HAND,2,0,,,20,15,1,0.13,202,1,2,0,50,15,40,10,4,0.15,1.2,2,10,1.1,0.85,1,0.9,,,,SOUND_EQUIP,0.2,8,,,,,,FALSE,0.17,,,,,,,,0.01#0.015#0.08#0.6,TRUE,5,,,,,,,,,,INGAME_WEAPON_OVERRIDE_ANIM_USP45_MALE_FULL_HD,INGAME_WEAPON_OVERRIDE_ANIM_USP45_FEMALE_FULL_HD,,,,,0.2,0.2,,110,410,7;14,,,
11,M14,11,Icon_HUD_M14,SOUND_M14_FIRE,SOUND_M14_SILENCER,SOUND_M14_MIDDLERANGE,SOUND_M14_LONGRANGE,SOUND_AR_MIDDLERANGE,SOUND_AR_LONGRANGE,SOUND_AR_SILENCER,SOUND_M14_CLIPIN,SOUND_M14_CLIPOUT,SOUND_SWITCH_WEAPON_SNIPER,0,0,,,59,15,1,0.31,201,0;1;2;3;5,1,0,220,42,88,30,10,0.15,1.15,2,10,1,0.55,1,0.8,531;532;533;534;535;536;537,532,,SOUND_EQUIP,0.2,15,,,,,,TRUE,,,,,,,,,0.01#0.025#0.16#0.6,TRUE,2,,,,,,,,,,INGAME_WEAPON_OVERRIDE_ANIM_AK_MALE_FULL_HD,INGAME_WEAPON_OVERRIDE_ANIM_AK_FEMALE_FULL_HD,,,,,0.25,0.25,,111,411,30;5,,,
12,SCAR,12,Icon_HUD_SCAR,SOUND_SCAR_FIRE,SOUND_SCAR_SILENCER,SOUND_SCAR_MIDDLERANGE,SOUND_SCAR_LONGRANGE,SOUND_AR_MIDDLERANGE,SOUND_AR_LONGRANGE,SOUND_AR_SILENCER,SOUND_SCAR_CLIPIN,SOUND_SCAR_CLIPOUT,SOUND_SWITCH_WEAPON_RIFLE,0,0,,,29,30,1,0.15,201,0;1;2;3,1,0,220,35,70,10,4,0.2,1.15,2.2,10,1,0.55,1,0.8,531;532;533;534;535;536;537,532,,SOUND_EQUIP,0.2,12,,,,,,FALSE,,,,,,,,,0.02#0.025#0.08#0.6,TRUE,5,,,,,EFFECT_BULLET_SCAR,,,,,INGAME_WEAPON_OVERRIDE_ANIM_SCAR_MALE_FULL_HD,INGAME_WEAPON_OVERRIDE_ANIM_SCAR_FEMALE_FULL_HD,,,,,0.25,0.25,,112,412,77;8,,,
13,VSS,13,Icon_HUD_VSS,SOUND_VSS_FIRE,SOUND_VSS_FIRE,,,SOUND_VSS_FIRE,SOUND_VSS_FIRE,SOUND_VSS_FIRE,SOUND_VSS_CLIPIN,SOUND_VSS_CLIPOUT,SOUND_SWITCH_WEAPON_SNIPER,6,1,,,29,15,1,0.25,205,1;4;5,1,0,220,50,90,14,3,0.1,1,1.4,10,1,0.35,1,1,531;532;533;534;535;536;537,535,,SOUND_EQUIP,0.2,10,,,,,TRUE,FALSE,,,,,,,,,0.012#0.015#0.22#0.6,TRUE,3,,,,,,,,,,INGAME_WEAPON_OVERRIDE_ANIM_AK_MALE_FULL_HD,INGAME_WEAPON_OVERRIDE_ANIM_AK_FEMALE_FULL_HD,,,,,0.25,0.25,,113,413,38;30,,,
14,GROZA,14,Icon_HUD_GROZA,SOUND_GROZA_FIRE,SOUND_GROZA_SILENCER,SOUND_GROZA_MIDDLERANGE,SOUND_GROZA_LONGRANGE,SOUND_AR_MIDDLERANGE,SOUND_AR_LONGRANGE,SOUND_AR_SILENCER,SOUND_GROZA_CLIPIN,SOUND_GROZA_CLIPOUT,SOUND_SWITCH_WEAPON_RIFLE,0,0,,,37,30,1,0.168,201,0;1;2;3;4,1,0.2,220,40,90,14,7,0.23,1.2,2,10,1,0.3,1,0.9,531;532;533;534;535;536;537,532,,SOUND_EQUIP,0.25,18,,,,,,FALSE,,,,0.25,,,,,0.01#0.025#0.12#0.6,TRUE,5,,,,,,,,,,INGAME_WEAPON_OVERRIDE_ANIM_AUG_MALE_FULL_HD,INGAME_WEAPON_OVERRIDE_ANIM_AUG_FEMALE_FULL_HD,,,,,0.25,0.25,,114,414,42;2;5,,,
15,MP40,15,Icon_HUD_MP40,SOUND_MP40_FIRE,SOUND_MP40_SILENCER,SOUND_MP40_MIDDLERANGE,SOUND_MP40_LONGRANGE,SOUND_AR_MIDDLERANGE,SOUND_AR_LONGRANGE,SOUND_AR_SILENCER,SOUND_MP40_CLIPIN,SOUND_MP40_CLIPOUT,SOUND_SWITCH_WEAPON_SUB,6,0,,,23,20,1,0.07,205,1;2;4,1,0,220,11,24,10,5,0.15,1.1,4.1,10,1,0.65,1,0.9,,,,SOUND_EQUIP_2,0.2,,,,,,,FALSE,,,,,,,,,0.01#0.01#0.05#0.6,TRUE,8,,,,,EFFECT_BULLET_MP40,,,INGAME_WEAPON_OVERRIDE_ANIM_MP40_HD,INGAME_WEAPON_OVERRIDE_ANIM_MP40_FEMALE_HD,INGAME_WEAPON_OVERRIDE_ANIM_MP40_MALE_FULL_HD,INGAME_WEAPON_OVERRIDE_ANIM_MP40_FEMALE_FULL_HD,,,,,0.25,0.25,,115,415,9;31;27,12,20,-2
16,changuo,16,Icon_HUD_Changuo,SOUND_CHANGUO_FIRE,SOUND_CHANGUO_FIRE,SOUND_WEAPON_EMPTY,SOUND_WEAPON_EMPTY,SOUND_CHANGUO_FIRE,SOUND_CHANGUO_FIRE,SOUND_CHANGUO_FIRE,SOUND_KNIFE_FIRE,SOUND_KNIFE_FIRE,SOUND_SWITCH_WEAPON_PAN,3,1,,,38,0,0,0.5,,,0,0,1.55,1.55,1.55,38,1,1,1,1,1,1.2,1,1,0,,,,SOUND_EQUIP,0.15,,,,60,0.15,,FALSE,,,,,,,,,,FALSE,0,,,,,,,,,,INGAME_WEAPON_OVERRIDE_ANIM_CHANGUO_MALE_FULL_HD,INGAME_WEAPON_OVERRIDE_ANIM_CHANGUO_FEMALE_FULL_HD,,,,,,0.2,0.4,,,58;26,,,
17,Machete 大砍刀,17,Icon_HUD_Machete,SOUND_MACHETE_FIRE,SOUND_MACHETE_FIRE,SOUND_WEAPON_EMPTY,SOUND_WEAPON_EMPTY,SOUND_MACHETE_FIRE,SOUND_MACHETE_FIRE,SOUND_MACHETE_FIRE,SOUND_KNIFE_FIRE,SOUND_KNIFE_FIRE,SOUND_SWITCH_WEAPON_MACHETE,3,2,,,43,0,0,0.6,,,0,0,1.75,1.75,1.75,43,1,1,1,1,1,1.2,1,1,0,,,,SOUND_EQUIP,0.15,,,,63,0.15,,FALSE,,,,,,,,,,FALSE,0,,,,,,,,,,INGAME_WEAPON_OVERRIDE_ANIM_MACHETE_MALE_FULL_HD,INGAME_WEAPON_OVERRIDE_ANIM_MACHETE_FEMALE_FULL_HD,,,,,,0.2,0.4,,,26,,,
18,SKS,18,Icon_HUD_SKS,SOUND_SKS_FIRE,SOUND_SKS_SILENCER,SOUND_SKS_MIDDLERANGE,SOUND_SKS_LONGRANGE,SOUND_AR_MIDDLERANGE,SOUND_AR_LONGRANGE,SOUND_AR_SILENCER,SOUND_SKS_CLIPIN,SOUND_SKS_CLIPOUT,SOUND_SWITCH_WEAPON_SNIPER,0,3,,,68,10,1,0.48,201,0;1;2;4,1,0.1,220,50,96,20,10,0.25,1.15,2,10,1,0.55,1,0.8,531;532;533;534;535;536;537,535,,SOUND_EQUIP,0.2,30,,,,,,FALSE,,0.4,,,,,,,0.008#0.045#0.42#0.6,TRUE,1,,,,,,,,,,INGAME_WEAPON_OVERRIDE_ANIM_AK_MALE_FULL_HD,INGAME_WEAPON_OVERRIDE_ANIM_AK_FEMALE_FULL_HD,,,,,0.25,0.25,,118,418,5;1;28,,,
19,M249,19,Icon_HUD_M249,SOUND_M249_FIRE,SOUND_M249_SILENCER,SOUND_M249_MIDDLERANGE,SOUND_M249_LONGRANGE,SOUND_AR_MIDDLERANGE,SOUND_AR_LONGRANGE,SOUND_AR_SILENCER,SOUND_M249_CLIPIN,SOUND_M249_CLIPOUT,SOUND_SWITCH_WEAPON_MACHINEGUN,0,1,1,,33,100,1,0.16,201,3,1,0,220,45,83,21,12,0.12,1.2,1.6,10,1,0.4,1,0.9,531;532;533;534;535;536;537,532,524,SOUND_EQUIP,0.2,12,,,,,,FALSE,,,,,,,,0.5,0.008#0.015#0.13#0.6,TRUE,5,,,,,,,,,,INGAME_WEAPON_OVERRIDE_ANIM_MG_MALE_FULL_HD,INGAME_WEAPON_OVERRIDE_ANIM_MG_FEMALE_FULL_HD,,,,,0.25,0.25,,119,419,42;40;12,,,
20,M1873,20,Icon_HUD_M1873,SOUND_M1873_FIRE,SOUND_M1873_FIRE,SOUND_M1873_MIDDLERANGE,SOUND_M1873_MIDDLERANGE,SOUND_AR_MIDDLERANGE,SOUND_AR_LONGRANGE,SOUND_M1873_FIRE,SOUND_M1873_CLIPIN,SOUND_M1873_CLIPOUT,SOUND_SWITCH_WEAPON_SHOTGUN,2,1,,,25,2,1,0.5,204,,1,0,12,5,8,10,0,1,1.5,2,10,1.1,0.75,6,0.8,,,,SOUND_EQUIP,0.2,,,,,,,FALSE,,,,,,,,,0.02#0.09#0.2#0.6,TRUE,1,,,,,,,,,,INGAME_WEAPON_OVERRIDE_ANIM_SG_MALE_FULL_HD,INGAME_WEAPON_OVERRIDE_ANIM_SG_FEMALE_FULL_HD,,,,,0.25,0.25,,120,420,31;27,8,13,-2
21,Kar98k,21,Icon_HUD_Kar98k,SOUND_Kar98k_FIRE,SOUND_98K_SILENCER,SOUND_KAR98K_MIDDLERANGE,SOUND_KAR98K_LONGRANGE,SOUND_AR_MIDDLERANGE,SOUND_AR_LONGRANGE,SOUND_AR_SILENCER,SOUND_Kar98k_CLIPIN,SOUND_Kar98k_CLIPOUT,SOUND_SWITCH_WEAPON_SNIPER,1,1,,,84,5,1,1,203,0;5,1,0.4,220,60,85,60,5,0,1,1,10,1,0.8,1,0.6,531;532;533;534;535;536;537,536,,SOUND_EQUIP,0.2,12,,,,,,FALSE,,1,,0.25,,,,,0.006#0.09#0.75#0.6,TRUE,1,,,,SOUND_Weapon_Kar98k_Bolt,,,,INGAME_WEAPON_OVERRIDE_ANIM_SNIPER_Kar98k_HD,INGAME_WEAPON_OVERRIDE_ANIM_SNIPER_Kar98k_FEMALE_HD,INGAME_WEAPON_OVERRIDE_ANIM_Kar98k_MALE_FULL_HD,INGAME_WEAPON_OVERRIDE_ANIM_Kar98k_FEMALE_FULL_HD,,,,,0.4,0.25,,121,421,3;6,,,
22,Crossbow,22,Icon_HUD_Crossbow,SOUND_Crossbow_FIRE,SOUND_Crossbow_FIRE,,,SOUND_Crossbow_FIRE,SOUND_Crossbow_FIRE,SOUND_Crossbow_FIRE,SOUND_Crossbow_CLIPIN,SOUND_Crossbow_CLIPOUT,SOUND_SWITCH_WEAPON_CROSSBOW,8,0,,,100,1,1,0.25,206,,1,1,100,25,35,75,0,0,1,1,10,1,0.8,1,0.8,531;532;533;534;535;536;537,534,,SOUND_EQUIP,0.2,0,,,,,TRUE,FALSE,,,,,,,1,,,TRUE,0,,,,,,,,,,INGAME_WEAPON_OVERRIDE_ANIM_CROSSBOW_MALE_FULL_HD,INGAME_WEAPON_OVERRIDE_ANIM_CROSSBOW_FEMALE_FULL_HD,,,,,,0.2,0.4,,,42;38,,,
23,M79,23,Icon_HUD_M79,SOUND_M79_FIRE,SOUND_M79_FIRE,,,SOUND_M79_FIRE,SOUND_M79_FIRE,SOUND_M79_FIRE,SOUND_M79_CLIPIN,SOUND_M79_CLIPOUT,SOUND_SWITCH_WEAPON_M79,7,0,,,100,1,1,3,207,,1,0,220,50,50,20,0,0,1,1,10,1,0.8,1,1.1,,,,SOUND_EQUIP,0.2,,,,,,,FALSE,,,,,,,,,,TRUE,1,,,,,,,,,,INGAME_WEAPON_OVERRIDE_ANIM_M79_MALE_FULL_HD,INGAME_WEAPON_OVERRIDE_ANIM_M79_FEMALE_FULL_HD,,,,,0.3,0.25,,123,423,42;50,,,
24,FAMAS,24,Icon_HUD_Famas,SOUND_FAMAS_FIRE,SOUND_FAMAS_SILENCER,SOUND_FAMAS_MIDDLERANGE,SOUND_FAMAS_LONGRANGE,SOUND_AR_MIDDLERANGE,SOUND_AR_LONGRANGE,SOUND_AR_SILENCER,SOUND_FAMAS_CLIPIN,SOUND_FAMAS_CLIPOUT,SOUND_SWITCH_WEAPON_RIFLE,0,0,,,29,30,1,0.1,201,0;1;2;3;4;5,2,0,220,38,80,12,1,0.3,1.2,2,10,1,0.55,1,0.9,531;532;533;534;535;536;537,532,,SOUND_EQUIP,0.2,10,,,,,,TRUE,0.15,,,,,,,,0.015#0.02#0.1#0.6,TRUE,1,,,,,,,,,,INGAME_WEAPON_OVERRIDE_ANIM_AUG_MALE_FULL_HD,INGAME_WEAPON_OVERRIDE_ANIM_AUG_FEMALE_FULL_HD,,,,,0.25,0.25,,124,424,31;8;14,,,
25,M500,25,Icon_HUD_M500,SOUND_M500_FIRE,SOUND_M500_SILENCER,SOUND_M500_MIDDLERANGE,SOUND_M500_LONGRANGE,SOUND_AR_MIDDLERANGE,SOUND_AR_LONGRANGE,SOUND_AR_SILENCER,SOUND_M500_CLIPIN,SOUND_M500_CLIPOUT,SOUND_SWITCH_WEAPON_HAND,2,0,,,45,5,1,0.32,202,0,1,0,220,60,80,20,0,2,1.15,2,10,1,0.85,1,1.2,,534,,SOUND_EQUIP,0.2,8,,,,,,TRUE,,,,,,,,,0.02#0.09#0.05#0.6,TRUE,2,,,,,,,,,,INGAME_WEAPON_OVERRIDE_ANIM_HANDGUN_MALE_FULL_HD,INGAME_WEAPON_OVERRIDE_ANIM_HANDGUN_FEMALE_FULL_HD,,,,,0.2,0.2,,125,425,28;13,40,60,-2
26,SVD,26,Icon_HUD_SVD,SOUND_SVD_FIRE,SOUND_SVD_SILENCER,SOUND_SVD_MIDDLERANGE,SOUND_SVD_LONGRANGE,SOUND_AR_MIDDLERANGE,SOUND_AR_LONGRANGE,SOUND_AR_SILENCER,SOUND_SVD_CLIPOUT,SOUND_SVD_CLIPIN,SOUND_SWITCH_WEAPON_SNIPER,0,3,,,80,10,1,0.53,201,0;1;2;4,1,0.3,220,50,96,20,10,0.25,1.15,2,10,1,0.55,1,0.8,531;532;533;534;535;536;537,535,,SOUND_EQUIP,0.2,24,,,,,,FALSE,,0.4,,,,,,,0.005#0.018#0.25#0.6,TRUE,1,,,,,EFFECT_BULLET_SVD,,,,,INGAME_WEAPON_OVERRIDE_ANIM_AK_MALE_FULL_HD,INGAME_WEAPON_OVERRIDE_ANIM_AK_FEMALE_FULL_HD,,,,,0.25,0.25,,126,426,42;6;2,,,
27,BaseballPole,27,Icon_HUD_BASEBALLPOLE,SOUND_BASEBALLPOLE_FIRE,SOUND_BASEBALLPOLE_FIRE,SOUND_WEAPON_EMPTY,SOUND_WEAPON_EMPTY,SOUND_BASEBALLPOLE_FIRE,SOUND_BASEBALLPOLE_FIRE,SOUND_BASEBALLPOLE_FIRE,SOUND_KNIFE_FIRE,SOUND_KNIFE_FIRE,SOUND_SWITCH_WEAPON_BASEBALLPOLE,3,2,,,40,0,0,0.55,,,0,0,1.9,1.9,1.9,40,1,1,1,1,1,1.2,1,1,0,,,,SOUND_EQUIP,0.15,,,,60,0.15,,FALSE,,,,,,,,,,FALSE,0,,,,,,,,,,INGAME_WEAPON_OVERRIDE_ANIM_MELEE_MALE_FULL_HD,INGAME_WEAPON_OVERRIDE_ANIM_MELEE_FEMALE_FULL_HD,,,,,,0.2,0.4,,,26,,,
28,XM8,28,Icon_HUD_Xm8,SOUND_XM8_FIRE,SOUND_XM8_SILENCER,SOUND_XM8_MIDDLERANGE,SOUND_XM8_LONGRANGE,SOUND_AR_MIDDLERANGE,SOUND_AR_LONGRANGE,SOUND_AR_SILENCER,SOUND_XM8_CLIPIN,SOUND_XM8_CLIPOUT,SOUND_SWITCH_WEAPON_RIFLE,0,0,,,33,25,1,0.148,201,0;1;2;4,1,0,220,38,63,13,3,0.18,1,1.9,10,1.1,0.65,1,0.85,531;532;533;534;535;536;537,534,,SOUND_EQUIP,0.2,12,,,,,,FALSE,,,,,,,,,,TRUE,5,,,,,EFFECT_BULLET_XM8,,,,,INGAME_WEAPON_OVERRIDE_ANIM_SCAR_MALE_FULL_HD,INGAME_WEAPON_OVERRIDE_ANIM_SCAR_FEMALE_FULL_HD,,,,,0.25,0.25,,128,428,8;30;4,,,
29,SPAS12,29,Icon_HUD_SPAS12,SOUND_SPAS12_FIRE,SOUND_SPAS12_FIRE,SOUND_SPAS12_MIDDLERANGE,SOUND_SPAS12_MIDDLERANGE,SOUND_AR_MIDDLERANGE,SOUND_AR_LONGRANGE,SOUND_SPAS12_FIRE,SOUND_SPAS12_CLIPIN,SOUND_SPAS12_CLIPOUT,SOUND_SWITCH_WEAPON_SHOTGUN,4,0,,,20,5,1,0.33,204,0;1;4,1,0,25,4,21,7,0,1.5,1.5,3,10,1,0.45,8,0.7,531;532;533;534,534,,SOUND_EQUIP,0.2,2,,,,,,TRUE,,,,,,,,,0.01#0.05#0.18#0.6,TRUE,1,,,,,,,,,,INGAME_WEAPON_OVERRIDE_ANIM_M1014_MALE_FULL_HD,INGAME_WEAPON_OVERRIDE_ANIM_M1014_FEMALE_FULL_HD,,,,,0.3,0.25,,129,429,74;34;13,8,13,-2
30,M60,30,Icon_HUD_M60,SOUND_M60_FIRE,SOUND_M60_SILENCER,SOUND_M60_MIDDLERANGE,SOUND_M60_LONGRANGE,SOUND_AR_MIDDLERANGE,SOUND_AR_LONGRANGE,SOUND_AR_SILENCER,SOUND_M60_CLIPIN,SOUND_M60_CLIPOUT,SOUND_SWITCH_WEAPON_MACHINEGUN,0,1,1,,31,60,1,0.18,201,3;5,1,0,220,41,71,14,3,0.24,1.15,2.5,10,1,0.3,1,0.9,531;532;533;534;535;536;537,532,524,SOUND_EQUIP,0.2,12,,,,,,FALSE,,,,,,,,0.6,0.014#0.02#0.12#0.6,TRUE,4,,,,,,,,,,INGAME_WEAPON_OVERRIDE_ANIM_MG_MALE_FULL_HD,INGAME_WEAPON_OVERRIDE_ANIM_MG_FEMALE_FULL_HD,,,,,0.25,0.25,,130,430,12;40,,,
31,MGL140,31,Icon_HUD_MGL140,SOUND_MGL140_FIRE,SOUND_MGL140_FIRE,,,SOUND_MGL140_FIRE,SOUND_MGL140_FIRE,SOUND_MGL140_FIRE,SOUND_MGL140_CLIPIN,SOUND_MGL140_CLIPOUT,SOUND_SWITCH_WEAPON_MGL140,7,0,,,100,5,1,0.55,207,1,1,0,220,50,50,20,0,0,1,1,10,1,0.8,1,1.3,,,,SOUND_EQUIP,0.2,,,,,,,FALSE,,,,,,,,,,TRUE,1,,,,,,,,,,INGAME_WEAPON_OVERRIDE_ANIM_GRENADELAUNCHER_MALE_FULL_HD,INGAME_WEAPON_OVERRIDE_ANIM_GRENADELAUNCHER_FEMALE_FULL_HD,,,,,0.3,0.25,,131,431,50,,,
32,P90,32,Icon_HUD_P90,SOUND_P90_FIRE,SOUND_P90_SILENCER,SOUND_P90_MIDDLERANGE,SOUND_P90_LONGRANGE,SOUND_AR_MIDDLERANGE,SOUND_AR_LONGRANGE,SOUND_AR_SILENCER,SOUND_P90_CLIPIN,SOUND_P90_CLIPOUT,SOUND_SWITCH_WEAPON_SUB,6,0,,,24,50,1,0.088,205,1;3;4,1,0,220,14,28,15,5,0.14,1.1,2.7,10,1,0.65,1,0.9,531;532;533;534;535;536;537,532,,SOUND_EQUIP_2,0.2,,,,,,,FALSE,,,,,,,,,0.002#0.008#0.04#0.6,TRUE,7,,,,,EFFECT_BULLET_P90,,,,,INGAME_WEAPON_OVERRIDE_ANIM_SMG_MALE_FULL_HD,INGAME_WEAPON_OVERRIDE_ANIM_SMG_FEMALE_FULL_HD,,,,,0.25,0.25,,132,432,9;11;41,12,20,-2
33,AN94,37,Icon_HUD_AN94,SOUND_AN94_FIRE,SOUND_AN94_SILENCER,SOUND_AN94_MIDDLERANGE,SOUND_AN94_LONGRANGE,SOUND_AR_MIDDLERANGE,SOUND_AR_LONGRANGE,SOUND_AR_SILENCER,SOUND_AN94_CLIPIN,SOUND_AN94_CLIPOUT,SOUND_SWITCH_WEAPON_RIFLE,0,0,,,36,30,1,0.166,201,1;2;3;4,1,0,220,33,61,15,3,0.23,1.2,2.2,5.6,1,0.55,1,0.85,531;532;533;534;535;536;537,532,,SOUND_EQUIP,0.2,12,,,,,,FALSE,,,,,,,,,,TRUE,4,,,,,,,,,,INGAME_WEAPON_OVERRIDE_ANIM_AK_MALE_FULL_HD,INGAME_WEAPON_OVERRIDE_ANIM_AK_FEMALE_FULL_HD,,,,,0.25,0.25,,133,433,77;5;7,,,
34,Katana 太刀,38,Icon_HUD_Katana,SOUND_KATANA_FIRE,SOUND_KATANA_FIRE,SOUND_WEAPON_EMPTY,SOUND_WEAPON_EMPTY,SOUND_KATANA_FIRE,SOUND_KATANA_FIRE,SOUND_KATANA_FIRE,SOUND_KNIFE_FIRE,SOUND_KNIFE_FIRE,SOUND_SWITCH_WEAPON_KATANA,3,3,,,43,0,0,0.6,,,0,0,2,2,2,43,1,1,1,1,1,1.2,1,1,0,,,,SOUND_EQUIP,0.15,,,,63,0.15,,FALSE,,,,,,,,,,FALSE,0,,,,,,VFX_KATANA_ATTACK1,VFX_KATANA_ATTACK2,,,INGAME_WEAPON_OVERRIDE_ANIM_KATANA_MALE_FULL_HD,INGAME_WEAPON_OVERRIDE_ANIM_KATANA_FEMALE_FULL_HD,,,,,,0.2,0.4,,,26,,,
35,CG15,39,Icon_HUD_CG15,SOUND_CG15_FIRE,SOUND_CG15_SILENCER,SOUND_CG15_MIDDLERANGE,SOUND_CG15_LONGRANGE,SOUND_AR_MIDDLERANGE,SOUND_AR_LONGRANGE,SOUND_AR_SILENCER,SOUND_MP5_CLIPIN,SOUND_MP5_CLIPOUT,SOUND_SWITCH_WEAPON_SUB,12,1,,,25,20,1,0.11,205,1;2,1,0,220,25,75,18,3,0.14,1.1,1.9,10,1,0.65,1,1.1,539,539,,SOUND_EQUIP,0.2,6,,,,,,FALSE,,,,,,,,,,TRUE,5,,,,,,,,,,INGAME_WEAPON_OVERRIDE_ANIM_SMG_MALE_FULL_HD,INGAME_WEAPON_OVERRIDE_ANIM_SMG_FEMALE_FULL_HD,,,,,0.25,0.25,,,,44;31;8,12,20,-2
36,RGS50  Anti-materiel Launcher,40,Icon_HUD_RGS50,SOUND_RGS50_FIRE,SOUND_RGS50_FIRE,,,SOUND_RGS50_FIRE,SOUND_RGS50_FIRE,SOUND_RGS50_FIRE,SOUND_M79_CLIPIN,SOUND_M79_CLIPOUT,SOUND_SWITCH_WEAPON_RGS50,7,1,,,100,3,1,3,207,,1,0,220,100,100,60,0,0,1,1,10,1,0.8,1,1.1,,,,SOUND_EQUIP,0.2,,,,,,,FALSE,,,,,,,,2,,TRUE,0,,,,,,,,,,INGAME_WEAPON_OVERRIDE_ANIM_GRENADELAUNCHER_MALE_FULL_HD,INGAME_WEAPON_OVERRIDE_ANIM_GRENADELAUNCHER_FEMALE_FULL_HD,,,,,0.3,0.25,,,,6;43;40,,,
37,Gatling,41,Icon_HUD_Gatling,SOUND_GATLING_FIRE,SOUND_AR_SILENCER,SOUND_GATLING_MIDDLERANGE,SOUND_GATLING_LONGRANGE,SOUND_AR_MIDDLERANGE,SOUND_AR_LONGRANGE,SOUND_AR_SILENCER,SOUND_MP5_CLIPIN,SOUND_MP5_CLIPOUT,SOUND_SWITCH_WEAPON_MACHINEGUN,13,1,,,30,1200,1,0.18,210,,1,0,220,65,85,18,3,0.08,1.1,1.19,10,0.75,0.35,1,1.1,,,,SOUND_EQUIP,0.2,8,,,,,,FALSE,,,,,,,,,0.024#0.024#0.1#0.6,TRUE,4,,,,,,,,,,INGAME_WEAPON_OVERRIDE_ANIM_GATLING_MALE_FULL_HD,INGAME_WEAPON_OVERRIDE_ANIM_GATLING_FEMALE_FULL_HD,,,,,0.3,0.25,,,,52;12,,,
38,GrapplingHookGun,42,Icon_HUD_GrapplingHookGun,SOUND_GrapplingHookGun_FIRE,SOUND_GrapplingHookGun_FIRE,,,SOUND_GrapplingHookGun_FIRE,SOUND_GrapplingHookGun_FIRE,SOUND_GrapplingHookGun_FIRE,,SOUND_GrapplingHookGun_CLIPIN,SOUND_SWITCH_WEAPON_GRAPPLINGHOOKGUN,15,0,,,0,5,1,0.1,209,,1,1,30,10,20,0,0,0,1,1,10,1,0.8,1,0.8,531;532;533;534;535;536;537,534,,SOUND_EQUIP,0.2,0,,,,,TRUE,TRUE,,,,,,,,,,TRUE,0,,,,,,,,,,INGAME_WEAPON_OVERRIDE_ANIM_HOOKGUN_MALE_FULL_HD,INGAME_WEAPON_OVERRIDE_ANIM_HOOKGUN_FEMALE_FULL_HD,,,,,0.25,0.25,,,,45,,,
39,HeatGun,43,Icon_HUD_Superheat,SOUND_SUPERHEAT_FIRE,SOUND_SUPERHEAT_FIRE,SOUND_HEATGUN_MIDDLERANGE,SOUND_HEATGUN_LONGRANGE,SOUND_AR_MIDDLERANGE,SOUND_AR_LONGRANGE,SOUND_SUPERHEAT_FIRE,,,SOUND_SWITCH_WEAPON_HEATGUN,0,0,,,32,30,1,0.166,211,2;3;5,1,0,220,45,80,15,6,0.23,1.05,1.9,10,1,0.55,1,0,531;532;533;534;535;536;537,532,,SOUND_EQUIP,0.2,10,,,,,,FALSE,,,,,,,,,,TRUE,4,,,,,,,,,,INGAME_WEAPON_OVERRIDE_ANIM_AR_MALE_FULL_HD,INGAME_WEAPON_OVERRIDE_ANIM_AR_FEMALE_FULL_HD,,,,,0.25,0.25,,139,,29;4,,,
40,ThrowingKnife（飞刀模式）,45,Icon_HUD_ThrowingKnife,SOUND_THROWINGKNIFE_FIRE,SOUND_THROWINGKNIFE_FIRE,SOUND_WEAPON_EMPTY,SOUND_WEAPON_EMPTY,SOUND_THROWINGKNIFE_FIRE,SOUND_THROWINGKNIFE_FIRE,SOUND_WEAPON_EMPTY,,,SOUND_SWITCH_WEAPON,18,0,,,9999,3,1,1,,,0,1,50,50,50,9999,1,0,1,1,1,1,1,1,0,,,,SOUND_EQUIP,0.2,,,,,,TRUE,,,,,,,,,,,TRUE,0,,,,,,,,,,INGAME_WEAPON_OVERRIDE_ANIM_THROWINGKNIFE_MALE_FULL_HD,INGAME_WEAPON_OVERRIDE_ANIM_THROWINGKNIFE_FEMALE_FULL_HD,,,,,0.2,0.2,,,,,,,
41,M1887,46,Icon_HUD_M1887,SOUND_M1887_FIRE,SOUND_M1014_FIRE,SOUND_M1887_MIDDLERANGE,SOUND_M1887_MIDDLERANGE,SOUND_AR_MIDDLERANGE,SOUND_AR_LONGRANGE,SOUND_M1014_FIRE,SOUND_M1887_CLIPIN,SOUND_M1887_CLIPOUT,SOUND_SWITCH_WEAPON_SHOTGUN,4,0,,,17,2,1,0.36,204,,1,0.08,27,6,20,8,0,1,1.2,2.4,10,1,0.55,10,1,,,,SOUND_EQUIP,0.2,,,,,,,FALSE,,,,,,,,,0.008#0.09#0.18#0.6,TRUE,1,,,,,EFFECT_BULLET_M1887,,,INGAME_WEAPON_OVERRIDE_ANIM_M1887_HD,INGAME_WEAPON_OVERRIDE_ANIM_M1887_FEMALE_HD,INGAME_WEAPON_OVERRIDE_ANIM_M1887_MALE_FULL_HD,INGAME_WEAPON_OVERRIDE_ANIM_M1887_FEMALE_FULL_HD,,,,,0.3,0.25,,141,441,76;1,8,13,-2
42,ThrowingKnife（军备竞赛）,45,Icon_HUD_ThrowingKnife,SOUND_THROWINGKNIFE_FIRE,SOUND_THROWINGKNIFE_FIRE,SOUND_WEAPON_EMPTY,SOUND_WEAPON_EMPTY,SOUND_THROWINGKNIFE_FIRE,SOUND_THROWINGKNIFE_FIRE,SOUND_WEAPON_EMPTY,,,SOUND_SWITCH_WEAPON,18,0,,,500,3,1,1,,,0,1,50,50,50,500,1,0,1,1,1,1,1,1,0,,,,SOUND_EQUIP,0.2,,,,,,TRUE,,,,,,,,,,,TRUE,0,,,,,,,,,,INGAME_WEAPON_OVERRIDE_ANIM_THROWINGKNIFE_MALE_FULL_HD,INGAME_WEAPON_OVERRIDE_ANIM_THROWINGKNIFE_FEMALE_FULL_HD,,,,,0.2,0.2,,,,,,,
43,Thompson,43,Icon_HUD_Thompson,SOUND_TOMMYGUN_FIRE,SOUND_THOMPSON_SILENCER,SOUND_THOMPSON_MIDDLERANGE,SOUND_THOMPSON_LONGRANGE,SOUND_AR_MIDDLERANGE,SOUND_AR_LONGRANGE,SOUND_AR_SILENCER,SOUND_TOMMYGUN_CLIPIN,SOUND_TOMMYGUN_CLIPOUT,SOUND_SWITCH_WEAPON_SUB,6,0,,,25,42,1,0.083,205,0;2;4,1,0,220,11,28,15,7,0.15,1.15,2.8,10,1,0.7,1,0.9,,,,SOUND_EQUIP_2,0.2,,,,,,,FALSE,,,,,,,,,0.01#0.01#0.05#0.6,TRUE,7,,,,,EFFECT_BULLET_Thompson,,,,,INGAME_WEAPON_OVERRIDE_ANIM_THOMPSON_MALE_FULL_HD,INGAME_WEAPON_OVERRIDE_ANIM_THOMPSON_FEMALE_FULL_HD,,,,,0.25,0.25,,143,443,9;31;27,12,20,-2
44,立体机动装置（暂时弃用）,44,Icon_HUD_GrapplingHookGun,SOUND_GrapplingHookGun_FIRE,SOUND_GrapplingHookGun_FIRE,,,SOUND_GrapplingHookGun_FIRE,SOUND_GrapplingHookGun_FIRE,SOUND_GrapplingHookGun_FIRE,,SOUND_GrapplingHookGun_CLIPIN,SOUND_SWITCH_WEAPON_GRAPPLINGHOOKGUN,20,0,,,0,5,1,0.1,209,,1,1,30,10,20,0,0,0,1,1,10,1,0.8,1,0.8,531;532;533;534;535;536;537,534,,SOUND_EQUIP,0.2,0,,,,,TRUE,TRUE,,,,,,,39,,,TRUE,0,,,,,,,,,,INGAME_WEAPON_OVERRIDE_ANIM_HOOKGUN_MALE_FULL_HD,INGAME_WEAPON_OVERRIDE_ANIM_HOOKGUN_FEMALE_FULL_HD,,,,,0.25,0.25,,,,,,,
45,BM94(巴雷特M82B）,50,Icon_HUD_BM94,SOUND_BM94_FIRE,SOUND_BM94_SILENCER,SOUND_BM94_MIDDLERANGE,SOUND_BM94_LONGRANGE,SOUND_AR_MIDDLERANGE,SOUND_AR_LONGRANGE,SOUND_AR_SILENCER,SOUND_BM94_CLIPIN,SOUND_BM94_CLIPOUT,SOUND_SWITCH_WEAPON_SNIPER,1,0,,,165,8,1,1.5,203,0,1,0.3,220,40,90,120,5,0,1,1,10,0.9,0.8,1,0.8,531;532;533;534;535;536;537,536,,SOUND_EQUIP,0.2,5,,,,,,FALSE,,,,,,,,0.6,0.01#0.1#0.92#0.6,TRUE,1,0.6,,,,,,,,,INGAME_WEAPON_OVERRIDE_ANIM_AWM_MALE_FULL_HD,INGAME_WEAPON_OVERRIDE_ANIM_AWM_FEMALE_FULL_HD,,,,,0.5,0.25,,145,445,46;40;2,,,
46,AUG,51,Icon_HUD_AUG,SOUND_AUG_FIRE,SOUND_AUG_SILENCER,SOUND_AUG_MIDDLERANGE,SOUND_AUG_LONGRANGE,SOUND_AR_MIDDLERANGE,SOUND_AR_LONGRANGE,SOUND_AR_SILENCER,SOUND_AUG_CLIPIN,SOUND_AUG_CLIPOUT,SOUND_SWITCH_WEAPON_RIFLE,0,0,,,31,35,1,0.147,201,0;2;3;4,1,0,220,32,56,15,3,0.19,1.2,2,10,1.05,0.75,1,1,531;532;533;535;536;537,534,,SOUND_EQUIP,0.2,15,,,,,,FALSE,,,,,,,,,0.01#0.025#0.12#0.6,TRUE,5,,,,,,,,,,INGAME_WEAPON_OVERRIDE_ANIM_AUG_MALE_FULL_HD,INGAME_WEAPON_OVERRIDE_ANIM_AUG_FEMALE_FULL_HD,,,,,0.25,0.25,,146,446,8;33;4,,,
47,ParaFAL,52,Icon_HUD_PARAFAL,SOUND_PARAFAL_FIRE,SOUND_PARAFAL_SILENCER,SOUND_PARAFAL_MIDDLERANGE,SOUND_PARAFAL_LONGRANGE,SOUND_AR_MIDDLERANGE,SOUND_AR_LONGRANGE,SOUND_AR_SILENCER,SOUND_PARAFAL_CLIPIN,SOUND_PARAFAL_CLIPOUT,SOUND_SWITCH_WEAPON_RIFLE,0,0,,,48,30,1,0.245,201,0;2;3;4,1,0,220,29,65,35,4,0.25,1.15,2.7,10,1,0.65,1,0.8,531;532;533;534;535;536;537,532,,SOUND_EQUIP,0.2,17,,,,,,FALSE,,,,,,,,,,TRUE,4,,,,,,,,,,INGAME_WEAPON_OVERRIDE_ANIM_AK_MALE_FULL_HD,INGAME_WEAPON_OVERRIDE_ANIM_AK_FEMALE_FULL_HD,,,,,0.25,0.25,,147,447,5,,,
48,Woodpecker(M21),53,Icon_HUD_M21A5,SOUND_M21A5_FIRE,SOUND_M21A5_SILENCER,SOUND_M21A5_MIDDLERANGE,SOUND_M21A5_LONGRANGE,SOUND_AR_MIDDLERANGE,SOUND_AR_LONGRANGE,SOUND_AR_SILENCER,SOUND_M21A5_CLIPIN,SOUND_M21A5_CLIPOUT,SOUND_SWITCH_WEAPON_SNIPER,0,3,,,72,12,1,0.42,201,0;2;4,1,0.6,220,41,72,23,10,0.12,1.05,1.5,10,1,0.55,1,0.9,531;532;533;534;535;536;537,535,,SOUND_EQUIP,0.2,20,,,,,,FALSE,,,,,,,,,,TRUE,1,,,,,,,,,,INGAME_WEAPON_OVERRIDE_ANIM_AK_MALE_FULL_HD,INGAME_WEAPON_OVERRIDE_ANIM_AK_FEMALE_FULL_HD,,,,,0.25,0.25,,148,448,3;30;5,,,
49,Vector,54,Icon_HUD_VECTOR,SOUND_VECTOR_FIRE,SOUND_VECTOR_SILENCER,SOUND_TVECTOR_MIDDLERANGE,SOUND_VECTOR_LONGRANGE,SOUND_AR_MIDDLERANGE,SOUND_AR_LONGRANGE,SOUND_AR_SILENCER,SOUND_VECTOR_CLIPIN,SOUND_VECTOR_CLIPOUT,SOUND_SWITCH_WEAPON_SUB,6,0,,2,22,20,1,0.076,205,4,1,0,220,21,35,12,3,0.12,1.03,1.9,10,1.15,0.7,1,0.6,,,,SOUND_EQUIP_2,0.2,,,,,,,FALSE,,,-1.5,,,,,,0.01#0.01#0.05#0.6,TRUE,7,,,,,,,,,,INGAME_WEAPON_OVERRIDE_ANIM_VECTOR_SINGLE_MALE_FULL_HD,INGAME_WEAPON_OVERRIDE_ANIM_VECTOR_SINGLE_FEMALE_FULL_HD,,,,,0.25,0.25,,149,449,9;69;27,12,20,-2
50,MAG-7,55,Icon_HUD_MAG7,SOUND_MAG7_FIRE,SOUND_M1014_FIRE,SOUND_M1887_MIDDLERANGE,SOUND_M1887_MIDDLERANGE,SOUND_AR_MIDDLERANGE,SOUND_AR_LONGRANGE,SOUND_MAG7_FIRE,SOUND_MAG7_CLIPIN,SOUND_MAG7_CLIPOUT,SOUND_SWITCH_WEAPON_SHOTGUN,4,0,,,20,8,1,0.2,204,0;2;4,1,0,19,8,15,8,0,0.5,1.2,3.5,10,1,0.5,4,1,,,,SOUND_EQUIP,0.2,,,,,,,FALSE,,,,,,,,,0.008#0.09#0.18#0.6,TRUE,1,,,,,,,,,,INGAME_WEAPON_OVERRIDE_ANIM_SG_MALE_FULL_HD,INGAME_WEAPON_OVERRIDE_ANIM_SG_FEMALE_FULL_HD,,,,,0.3,0.25,,150,450,74;41;7,8,13,-2
51,Sickle,56,Icon_HUD_Sickle,SOUND_SICKLE_FIRE,SOUND_SICKLE_FIRE,SOUND_WEAPON_EMPTY,SOUND_WEAPON_EMPTY,SOUND_SICKLE_FIRE,SOUND_SICKLE_FIRE,SOUND_SICKLE_FIRE,SOUND_KNIFE_FIRE,SOUND_KNIFE_FIRE,SOUND_SWITCH_WEAPON_SICKLE,3,5,,,117,0,0,0.65,,,0,0,2.5,2.5,2.5,117,1,1,1,1,1,1.15,1,1,0,,,,SOUND_EQUIP,0.15,,,,65,0.15,,FALSE,,,,,,,,,,FALSE,0,,,,,,,,,,INGAME_WEAPON_OVERRIDE_ANIM_SICKLE_MALE_FULL_HD,INGAME_WEAPON_OVERRIDE_ANIM_SICKLE_FEMALE_FULL_HD,,,,,,0.2,0.4,,,70;26,,,
52,BigHeadHammer,57,Icon_HUD_Hammer,SOUND_TRAINING_BIGHEADHAMMER,SOUND_TRAINING_BIGHEADHAMMER,SOUND_WEAPON_EMPTY,SOUND_WEAPON_EMPTY,SOUND_TRAINING_BIGHEADHAMMER,SOUND_TRAINING_BIGHEADHAMMER,SOUND_TRAINING_BIGHEADHAMMER,SOUND_KNIFE_FIRE,SOUND_KNIFE_FIRE,SOUND_SWITCH_WEAPON,3,6,,,0,0,0,0.65,,,0,0,2.5,2.5,2.5,0,1,1,1,1,1,1.15,1,1,0,,,,SOUND_EQUIP,0.15,,,,65,0.15,,FALSE,,,,,,,,,,FALSE,0,,,,,,,,,,INGAME_WEAPON_OVERRIDE_ANIM_MELEE_MALE_FULL_HD,INGAME_WEAPON_OVERRIDE_ANIM_MELEE_FEMALE_FULL_HD,,,,,0.25,0.25,,,,,,,
53,ThrowingKnife（BR模式）,58,Icon_HUD_ThrowingKnife,SOUND_THROWINGKNIFE_FIRE,SOUND_THROWINGKNIFE_FIRE,SOUND_WEAPON_EMPTY,SOUND_WEAPON_EMPTY,SOUND_THROWINGKNIFE_FIRE,SOUND_THROWINGKNIFE_FIRE,SOUND_WEAPON_EMPTY,,,SOUND_SWITCH_WEAPON_KATANA,22,0,,,120,3,1,0.4,,,0,1,50,50,50,100,1,0,1,1,1,1,1,1,0,,,,SOUND_EQUIP,0.2,,,,,,TRUE,,,0.25,,,80,,,,,TRUE,0,,,,,,,,,,INGAME_WEAPON_OVERRIDE_ANIM_THROWINGKNIFE_MALE_FULL_HD,INGAME_WEAPON_OVERRIDE_ANIM_THROWINGKNIFE_FEMALE_FULL_HD,,,,,0.2,0.2,,,,,,,
54,Kord,19,Icon_HUD_Kord,SOUND_KORD_FIRE,SOUND_M249_SILENCER,SOUND_M249_MIDDLERANGE,SOUND_M249_LONGRANGE,SOUND_AR_MIDDLERANGE,SOUND_AR_LONGRANGE,SOUND_AR_SILENCER,SOUND_M249_CLIPIN,SOUND_M249_CLIPOUT,SOUND_SWITCH_WEAPON_MACHINEGUN,0,1,1,,35,80,1,0.21,201,,1,0,220,39,83,17,3,0.13,1.2,2,10,1,0.45,1,0.8,,532,524,SOUND_EQUIP,0.2,1,,,,,,FALSE,,,,,,,,1.2,0.008#0.015#0.13#0.6,TRUE,5,,,,,,,,,,INGAME_WEAPON_OVERRIDE_ANIM_MG_MALE_FULL_HD,INGAME_WEAPON_OVERRIDE_ANIM_MG_FEMALE_FULL_HD,,,,,0.25,0.25,,154,454,12;40,,,
55,M1917,3,Icon_HUD_M1917,SOUND_M1917_FIRE,SOUND_M1917_FIRE,SOUND_USP_MIDDLERANGE,SOUND_USP_LONGRANGE,SOUND_AR_MIDDLERANGE,SOUND_AR_LONGRANGE,SOUND_AR_SILENCER,SOUND_USP_CLIPIN,SOUND_USP_CLIPOUT,SOUND_SWITCH_WEAPON_HAND,2,2,,,45,12,1,0.17,202,2;4,1,0.2,55,12,25,18,3,0.15,1.1,2,10,1.1,0.85,1,0.75,,,,SOUND_EQUIP,0.2,8,,,,,,FALSE,,,,,,,,,0.008#0.016#0.15#0.6,TRUE,2,,,,,,,,,,INGAME_WEAPON_OVERRIDE_ANIM_DOUBLEHANDGUN_MALE_FULL_HD,INGAME_WEAPON_OVERRIDE_ANIM_DOUBLEHANDGUN_FEMALE_FULL_HD,,,,,0.25,0.25,,155,455,31;2,,,
56,WSP,59,Icon_HUD_MUSP,SOUND_USP_FIRE,SOUND_USP_SILENCER,SOUND_USP_MIDDLERANGE,SOUND_USP_LONGRANGE,SOUND_AR_MIDDLERANGE,SOUND_AR_LONGRANGE,SOUND_AR_SILENCER,SOUND_USP_CLIPIN,SOUND_USP_CLIPOUT,SOUND_SWITCH_WEAPON_HAND,2,2,,,20,12,1,0.15,202,0;1,1,0,40,15,30,10,10,0.15,1.15,2,10,1.1,0.85,1,1,,,,SOUND_EQUIP,0.2,8,,,,,,FALSE,,,,,,,,,0.008#0.016#0.15#0.6,TRUE,2,,,,,,,,,,INGAME_WEAPON_OVERRIDE_ANIM_DOUBLEHANDGUN_MALE_FULL_HD,INGAME_WEAPON_OVERRIDE_ANIM_DOUBLEHANDGUN_FEMALE_FULL_HD,,,,,0.25,0.25,,103,403,30;7,,,
57,Kingfisher(AR15),76,Icon_HUD_AR15,SOUND_AR15_FIRE,SOUND_AR15_SILENCER,SOUND_AR15_MIDDLERANGE,SOUND_AR15_LONGRANGE,SOUND_AR_MIDDLERANGE,SOUND_AR_LONGRANGE,SOUND_AR_SILENCER,SOUND_AR15_CLIPIN,SOUND_AR15_CLIPOUT,SOUND_SWITCH_WEAPON_RIFLE,0,0,,,27,22,1,0.112,201,0;2;3;4,1,0,220,28,62,11,4,0.2,1.15,2.2,11,1.1,0.8,1,1,531;532;533;535;536;537,534,,SOUND_EQUIP,0.18,14,,,,,,FALSE,,,,,,,,,0.01#0.025#0.12#0.6,TRUE,5,,,,,,,,,,INGAME_WEAPON_OVERRIDE_ANIM_AK_MALE_FULL_HD,INGAME_WEAPON_OVERRIDE_ANIM_AK_FEMALE_FULL_HD,,,,,0.25,0.25,,157,457,31;8,,,
58,UZI,51,Icon_HUD_UZI,SOUND_UZI_FIRE,SOUND_THOMPSON_SILENCER,SOUND_UZI_MIDDLERANGE,SOUND_UZI_LONGRANGE,SOUND_AR_MIDDLERANGE,SOUND_AR_LONGRANGE,SOUND_AR_SILENCER,SOUND_UZI_CLIPIN,SOUND_UZI_CLIPOUT,SOUND_SWITCH_WEAPON_SUB,2,0,,,17,20,1,0.055,205,,1,0.3,36,9,18,8,5,0.14,1.1,2.2,10,1.18,0.9,1,1,,,,SOUND_EQUIP_2,0.2,1,,,,,,FALSE,,,,,,,,,0.01#0.025#0.12#0.6,TRUE,5,,,,,,,,,,INGAME_WEAPON_OVERRIDE_ANIM_HANDGUN_MALE_FULL_HD,INGAME_WEAPON_OVERRIDE_ANIM_HANDGUN_FEMALE_FULL_HD,,,,,0.2,0.2,0.4,158,458,75;2;27,12,20,-2
59,ThrowingKnife（lw模式）,45,Icon_HUD_ThrowingKnife,SOUND_THROWINGKNIFE_FIRE,SOUND_THROWINGKNIFE_FIRE,SOUND_WEAPON_EMPTY,SOUND_WEAPON_EMPTY,SOUND_THROWINGKNIFE_FIRE,SOUND_THROWINGKNIFE_FIRE,SOUND_WEAPON_EMPTY,,,SOUND_SWITCH_WEAPON,18,0,,,9999,99,1,1,,,0,1,50,50,50,9999,1,0,1,1,1,1,1,1,0,,,,SOUND_EQUIP,0.2,,,,,,TRUE,,,,,,,,,,,TRUE,0,,,,,,,,,,INGAME_WEAPON_OVERRIDE_ANIM_THROWINGKNIFE_MALE_FULL_HD,INGAME_WEAPON_OVERRIDE_ANIM_THROWINGKNIFE_FEMALE_FULL_HD,,,,,0.2,0.2,,,,,,,
60,GoldMP5,60,Icon_HUD_MP5,SOUND_MP5_FIRE,SOUND_SMG_SILENCER,SOUND_SMG_MIDDLERANGE,SOUND_SMG_LONGRANGE,SOUND_AR_MIDDLERANGE,SOUND_AR_LONGRANGE,SOUND_AR_SILENCER,SOUND_MP5_CLIPIN,SOUND_MP5_CLIPOUT,SOUND_SWITCH_WEAPON,6,0,,,23,30,1,0.088,205,0;1;3;5,1,0,220,18,34,10,6,0.14,1.1,2.2,10,1,0.85,1,1.1,531;532;533;534;535;536;537,532,5511,SOUND_EQUIP,0.2,4,,,,,,FALSE,,,,,,,,,0.008#0.02#0.08#0.6,TRUE,6,,,,,,,,,,INGAME_WEAPON_OVERRIDE_ANIM_MP5_MALE_FULL_HD,INGAME_WEAPON_OVERRIDE_ANIM_MP5_FEMALE_FULL_HD,8,TRUE,,,0.25,0.25,,108,408,61;60;31,12,20,-2
61,GoldM60,61,Icon_HUD_M60,SOUND_M60_FIRE,SOUND_AR_SILENCER,SOUND_AR_MIDDLERANGE,SOUND_AR_LONGRANGE,SOUND_AR_MIDDLERANGE,SOUND_AR_LONGRANGE,SOUND_AR_SILENCER,SOUND_M60_CLIPIN,SOUND_M60_CLIPOUT,SOUND_SWITCH_WEAPON,0,1,1,,31,60,1,0.18,201,3;5,1,0,220,41,71,14,3,0.24,1.15,2.5,10,1,0.3,1,0.9,531;532;533;534;535;536;537,532,5513;524,SOUND_EQUIP,0.2,12,,,,,,FALSE,,,,,,,,0.6,0.014#0.02#0.12#0.6,TRUE,4,,,,,,,,,,INGAME_WEAPON_OVERRIDE_ANIM_MG_MALE_FULL_HD,INGAME_WEAPON_OVERRIDE_ANIM_MG_FEMALE_FULL_HD,30,TRUE,,,0.25,0.25,,130,430,61;63;12,,,
62,GoldVSS,62,Icon_HUD_VSS,SOUND_VSS_FIRE,SOUND_VSS_FIRE,,,SOUND_VSS_FIRE,SOUND_VSS_FIRE,SOUND_VSS_FIRE,SOUND_VSS_CLIPIN,SOUND_VSS_CLIPOUT,SOUND_SWITCH_WEAPON,6,1,,,29,15,1,0.25,205,1;4;5,1,0,220,50,90,14,3,0.1,1,1.4,10,1,0.35,1,1,531;532;533;534;535;536;537,535,5514,SOUND_EQUIP,0.2,10,,,,,TRUE,FALSE,,,,,,,,,0.012#0.015#0.22#0.6,TRUE,3,,,,,,,,,,INGAME_WEAPON_OVERRIDE_ANIM_AK_MALE_FULL_HD,INGAME_WEAPON_OVERRIDE_ANIM_AK_FEMALE_FULL_HD,13,TRUE,,,0.25,0.25,,113,413,61;39;38,,,
63,GoldM14,63,Icon_HUD_M14,SOUND_M14_FIRE,SOUND_M14_SILENCER,SOUND_M14_MIDDLERANGE,SOUND_M14_LONGRANGE,SOUND_AR_MIDDLERANGE,SOUND_AR_LONGRANGE,SOUND_AR_SILENCER,SOUND_M14_CLIPIN,SOUND_M14_CLIPOUT,SOUND_SWITCH_WEAPON_SNIPER,0,0,,,59,15,1,0.31,201,0;1;2;3;5,1,0,220,42,88,30,10,0.15,1.15,2,10,1,0.55,1,0.8,531;532;533;534;535;536;537,532,5515,SOUND_EQUIP,0.2,15,,,,,,TRUE,,,,,,,,,0.01#0.025#0.16#0.6,TRUE,2,,,,,,,,,,INGAME_WEAPON_OVERRIDE_ANIM_AK_MALE_FULL_HD,INGAME_WEAPON_OVERRIDE_ANIM_AK_FEMALE_FULL_HD,11,TRUE,,,0.25,0.25,,111,411,61;60;55,,,
64,GoldKar98k,64,Icon_HUD_Kar98k,SOUND_Kar98k_FIRE,SOUND_98K_SILENCER,SOUND_KAR98K_MIDDLERANGE,SOUND_KAR98K_LONGRANGE,SOUND_AR_MIDDLERANGE,SOUND_AR_LONGRANGE,SOUND_AR_SILENCER,SOUND_Kar98k_CLIPIN,SOUND_Kar98k_CLIPOUT,SOUND_SWITCH_WEAPON_SNIPER,1,1,,,84,5,1,1,203,0;5,1,0.4,220,60,85,60,5,0,1,1,10,1,0.8,1,0.6,531;532;533;534;535;536;537,536,5516,SOUND_EQUIP,0.2,12,,,,,,FALSE,,1,,0.25,,,,,0.006#0.09#0.75#0.6,TRUE,1,,,,SOUND_Weapon_Kar98k_Bolt,,,,INGAME_WEAPON_OVERRIDE_ANIM_SNIPER_Kar98k_HD,INGAME_WEAPON_OVERRIDE_ANIM_SNIPER_Kar98k_FEMALE_HD,INGAME_WEAPON_OVERRIDE_ANIM_Kar98k_MALE_FULL_HD,INGAME_WEAPON_OVERRIDE_ANIM_Kar98k_FEMALE_FULL_HD,21,TRUE,,,0.4,0.25,,121,421,61;56;3,,,
65,GoldAWM,65,Icon_HUD_AWM,SOUND_AWM_FIRE,SOUND_SNIPER_SILENCER,SOUND_SR_MIDDLERANGE,SOUND_SR_LONGRANGE,SOUND_AR_MIDDLERANGE,SOUND_AR_LONGRANGE,SOUND_AR_SILENCER,SOUND_AWM_CLIPIN,SOUND_AWM_CLIPOUT,SOUND_SWITCH_WEAPON,1,0,,,200,5,1,1.42,203,0;1;5,1,0.08,220,70,90,150,5,0,1,1,10,1,0.8,1,0.7,531;532;533;534;535;536;537,536,5518,SOUND_EQUIP,0.2,50,,,,,,FALSE,,0.5,,,,,,,0.01#0.1#0.92#0.6,TRUE,1,,,,,,,,INGAME_WEAPON_OVERRIDE_ANIM_SNIPER_AWM_HD,INGAME_WEAPON_OVERRIDE_ANIM_SNIPER_AWM_FEMALE_HD,INGAME_WEAPON_OVERRIDE_ANIM_AWM_MALE_FULL_HD,INGAME_WEAPON_OVERRIDE_ANIM_AWM_FEMALE_FULL_HD,4,TRUE,,,0.5,0.25,,104,404,61;57;73,,,
66,GoldHeatGun,66,Icon_HUD_Superheat,SOUND_SUPERHEAT_FIRE,SOUND_SUPERHEAT_FIRE,SOUND_AR_MIDDLERANGE,SOUND_AR_LONGRANGE,SOUND_AR_MIDDLERANGE,SOUND_AR_LONGRANGE,SOUND_SUPERHEAT_FIRE,,,SOUND_SWITCH_WEAPON,0,0,,,32,30,1,0.166,211,2;3;5,1,0,220,45,80,15,4,0.23,1.15,1.9,10,1,0.55,1,0,531;532;533;534;535;536;537,532,5517,SOUND_EQUIP,0.2,10,,,,,,FALSE,,,,,,,,,,TRUE,4,,,,,,,,,,INGAME_WEAPON_OVERRIDE_ANIM_AR_MALE_FULL_HD,INGAME_WEAPON_OVERRIDE_ANIM_AR_FEMALE_FULL_HD,39,TRUE,,,0.25,0.25,,139,439,61;63;29,,,
67,GoldFAMAS,24,Icon_HUD_Famas,SOUND_FAMAS_FIRE,SOUND_FAMAS_SILENCER,SOUND_FAMAS_MIDDLERANGE,SOUND_FAMAS_LONGRANGE,SOUND_AR_MIDDLERANGE,SOUND_AR_LONGRANGE,SOUND_AR_SILENCER,SOUND_FAMAS_CLIPIN,SOUND_FAMAS_CLIPOUT,SOUND_SWITCH_WEAPON_RIFLE,0,0,,,29,30,1,0.1,201,0;1;2;3;4;5,2,0,220,38,80,12,1,0.3,1.2,2,10,1,0.65,1,0.9,531;532;533;534;535;536;537,532,5519,SOUND_EQUIP,0.2,10,,,,,,TRUE,0.15,,,,,,,,0.015#0.02#0.1#0.6,TRUE,1,,,,,,,,,,INGAME_WEAPON_OVERRIDE_ANIM_AUG_MALE_FULL_HD,INGAME_WEAPON_OVERRIDE_ANIM_AUG_FEMALE_FULL_HD,24,TRUE,,,0.25,0.25,,124,424,61;31;35,,,
68,TecGun,60,Icon_HUD_UZI,SOUND_TECGUN_FIRE,SOUND_THOMPSON_SILENCER,SOUND_TECGUN_MIDDLERANGE,SOUND_TECGUN_LONGRANGE,SOUND_AR_MIDDLERANGE,SOUND_AR_LONGRANGE,SOUND_AR_SILENCER,SOUND_TECGUN_CLIPIN,SOUND_TECGUN_CLIPOUT,SOUND_SWITCH_WEAPON_HAND,2,0,,,40,20,1,0.2,202,,1,0,50,20,30,15,10,0.15,1.3,2,10,1.1,0.85,1,0.5,,,,SOUND_EQUIP,0.2,8,,,,,,TRUE,,,,,,,,,0.008#0.016#0.15#0.6,TRUE,2,,,,,,,,,,INGAME_WEAPON_OVERRIDE_ANIM_HANDGUN_MALE_FULL_HD,INGAME_WEAPON_OVERRIDE_ANIM_HANDGUN_FEMALE_FULL_HD,,,,,0.2,0.2,,,,,,,
69,DoubleVector,54,Icon_HUD_VECTOR,SOUND_VECTOR_FIRE,SOUND_VECTOR_SILENCER,SOUND_TVECTOR_MIDDLERANGE,SOUND_VECTOR_LONGRANGE,SOUND_AR_MIDDLERANGE,SOUND_AR_LONGRANGE,SOUND_AR_SILENCER,SOUND_VECTOR_CLIPIN,SOUND_VECTOR_CLIPOUT,SOUND_SWITCH_WEAPON_SUB,6,0,,2,22,20,1,0.076,205,4,1,0,220,21,35,12,3,0.12,1.03,1.9,10,1.15,0.7,1,0.6,,,,SOUND_EQUIP_2,0.2,,,,,,,FALSE,,,-1.5,,,,,,0.01#0.01#0.05#0.6,TRUE,7,,,,,,,,,,INGAME_WEAPON_OVERRIDE_ANIM_SMG_MALE_FULL_HD,INGAME_WEAPON_OVERRIDE_ANIM_SMG_FEMALE_FULL_HD,49,,,,0.25,0.25,,149,449,,12,20,-2
70,GoldGROZA-x,14,Icon_HUD_GROZA,SOUND_GROZA_FIRE,SOUND_GROZA_SILENCER,SOUND_GROZA_MIDDLERANGE,SOUND_GROZA_LONGRANGE,SOUND_AR_MIDDLERANGE,SOUND_AR_LONGRANGE,SOUND_AR_SILENCER,SOUND_GROZA_CLIPIN,SOUND_GROZA_CLIPOUT,SOUND_SWITCH_WEAPON_RIFLE,0,0,,,40,30,1,0.168,201,0;1;2;3;4;5,1,0.2,220,40,90,14,7,0.23,1.2,2,10,1,0.3,1,0.9,531;532;533;534;535;536;537,532,5525,SOUND_EQUIP,0.25,18,,,,,,FALSE,,,,0.25,,,,,0.01#0.025#0.12#0.6,TRUE,5,,,,,,,,,,INGAME_WEAPON_OVERRIDE_ANIM_AUG_MALE_FULL_HD,INGAME_WEAPON_OVERRIDE_ANIM_AUG_FEMALE_FULL_HD,14,TRUE,,,0.25,0.25,,114,414,42;68;2,,,
71,GoldM249-x,19,Icon_HUD_M249,SOUND_M249_FIRE,SOUND_M249_SILENCER,SOUND_M249_MIDDLERANGE,SOUND_M249_LONGRANGE,SOUND_AR_MIDDLERANGE,SOUND_AR_LONGRANGE,SOUND_AR_SILENCER,SOUND_M249_CLIPIN,SOUND_M249_CLIPOUT,SOUND_SWITCH_WEAPON_MACHINEGUN,0,1,1,,34,100,1,0.139,201,3;5,1,0,220,45,83,21,12,0.12,1.2,1.6,10,1,0.4,1,0.9,531;532;533;534;535;536;537,532,524;5526,SOUND_EQUIP,0.2,12,,,,,,FALSE,,,,,,,,0.5,0.008#0.015#0.13#0.6,TRUE,5,,,,,,,,,,INGAME_WEAPON_OVERRIDE_ANIM_MG_MALE_FULL_HD,INGAME_WEAPON_OVERRIDE_ANIM_MG_FEMALE_FULL_HD,19,TRUE,,,0.25,0.25,,119,419,42;60;40,,,
72,GoldSVD-y,26,Icon_HUD_SVD,SOUND_SVD_FIRE,SOUND_SVD_SILENCER,SOUND_SVD_MIDDLERANGE,SOUND_SVD_LONGRANGE,SOUND_AR_MIDDLERANGE,SOUND_AR_LONGRANGE,SOUND_AR_SILENCER,SOUND_SVD_CLIPOUT,SOUND_SVD_CLIPIN,SOUND_SWITCH_WEAPON_SNIPER,0,3,,,80,10,1,0.48,201,0;1;2;4;5,1,0.3,220,50,96,20,10,0.25,1.15,2,10,1,0.55,1,0.8,531;532;533;534;535;536;537,535,5527,SOUND_EQUIP,0.2,24,,,,,,FALSE,,0.4,,,,,,0.2,0.005#0.018#0.25#0.6,TRUE,1,0.2,,,,EFFECT_BULLET_SVD,,,,,INGAME_WEAPON_OVERRIDE_ANIM_AK_MALE_FULL_HD,INGAME_WEAPON_OVERRIDE_ANIM_AK_FEMALE_FULL_HD,26,TRUE,,,0.25,0.25,,126,426,42;46;60,,,
73,UMPSGOB22,73,Icon_HUD_UMP,SOUND_UMP_FIRE,SOUND_SMG_SILENCER,SOUND_SMG_MIDDLERANGE,SOUND_SMG_LONGRANGE,SOUND_AR_MIDDLERANGE,SOUND_AR_LONGRANGE,SOUND_AR_SILENCER,SOUND_UMP_CLIPIN,SOUND_UMP_CLIPOUT,SOUND_SWITCH_WEAPON,6,0,,,25,32,1,0.09,205,0;1;2;3,1,0.25,220,15,32,16,1,0.28,1.25,2.8,10,1.15,0.7,1,1.1,531;532;533;534;535;536;537,532,,SOUND_EQUIP_2,0.2,4,,,,,,FALSE,,,,,,,,,0.01#0.022#0.06#0.6,TRUE,7,,,,,,,,,,INGAME_WEAPON_OVERRIDE_ANIM_MP5_MALE_FULL_HD,INGAME_WEAPON_OVERRIDE_ANIM_MP5_FEMALE_FULL_HD,,,,,0.25,0.25,,107,407,,12,20,-2
74,MP40OB22,74,Icon_HUD_MP40,SOUND_MP40_FIRE,SOUND_SMG_SILENCER,SOUND_SMG_MIDDLERANGE,SOUND_SMG_LONGRANGE,SOUND_AR_MIDDLERANGE,SOUND_AR_LONGRANGE,SOUND_AR_SILENCER,SOUND_MP40_CLIPIN,SOUND_MP40_CLIPOUT,SOUND_SWITCH_WEAPON,6,0,,,24,22,1,0.07,205,1;2;4,1,0,220,12,27,10,5,0.15,1.1,4.1,10,1,0.65,1,0.9,,,,SOUND_EQUIP_2,0.2,,,,,,,FALSE,,,,,,,,,0.01#0.01#0.05#0.6,TRUE,8,,,,,,,,INGAME_WEAPON_OVERRIDE_ANIM_MP40_HD,INGAME_WEAPON_OVERRIDE_ANIM_MP40_FEMALE_HD,INGAME_WEAPON_OVERRIDE_ANIM_MP40_MALE_FULL_HD,INGAME_WEAPON_OVERRIDE_ANIM_MP40_FEMALE_FULL_HD,,,,,0.25,0.25,,115,415,,12,20,-2
75,HealingFire,75,Icon_HUD_HealingFire,SOUND_HEALINGSNIPER_FIRE,SOUND_AWM_SILENCER,SOUND_SVD_MIDDLERANGE,SOUND_SVD_LONGRANGE,SOUND_AR_MIDDLERANGE,SOUND_AR_LONGRANGE,SOUND_AR_SILENCER,SOUND_SVD_CLIPOUT,SOUND_SVD_CLIPIN,SOUND_SWITCH_WEAPON_SNIPER,0,3,,,70,5,1,0.45,215,,1,0,220,70,90,50,5,0,1,1,10,1,0.8,1,0.7,531;532;533;534;535;536;537,591,,SOUND_EQUIP,0.2,20,,,,,,FALSE,,,,,,,,,0.01#0.1#0.92#0.6,TRUE,1,,,,,EFFECT_BULLET_AWM,,,,,INGAME_WEAPON_OVERRIDE_ANIM_AK_MALE_FULL_HD,INGAME_WEAPON_OVERRIDE_ANIM_AK_FEMALE_FULL_HD,,,1,0,0.25,0.25,,177,,,,,
76,HealingRifle,76,Icon_HUD_HealingRifle,SOUND_HEALINGSNIPER_FIRE,SOUND_AWM_SILENCER,SOUND_SVD_MIDDLERANGE,SOUND_SVD_LONGRANGE,SOUND_AR_MIDDLERANGE,SOUND_AR_LONGRANGE,SOUND_AR_SILENCER,SOUND_SVD_CLIPOUT,SOUND_SVD_CLIPIN,SOUND_SWITCH_WEAPON_SNIPER,0,1,,,30,30,1,0.15,215,,1,0,220,70,90,5,5,0,1,1,10,1,0.8,1,0.7,531;532;533;534;535;536;537,591,,SOUND_EQUIP,0.2,20,,,,,,FALSE,,,,,,,,,0.01#0.1#0.92#0.6,TRUE,1,,,,,EFFECT_BULLET_AWM,,,,,INGAME_WEAPON_OVERRIDE_ANIM_AK_MALE_FULL_HD,INGAME_WEAPON_OVERRIDE_ANIM_AK_FEMALE_FULL_HD,,,1,0,0.25,0.25,,177,,,,,
77,HealingSub,77,Icon_HUD_HealingSub,SOUND_HEALINGSNIPER_FIRE,SOUND_AWM_SILENCER,SOUND_SVD_MIDDLERANGE,SOUND_SVD_LONGRANGE,SOUND_AR_MIDDLERANGE,SOUND_AR_LONGRANGE,SOUND_AR_SILENCER,SOUND_SVD_CLIPOUT,SOUND_SVD_CLIPIN,SOUND_SWITCH_WEAPON_SNIPER,6,0,,,25,30,1,0.08,215,,1,0,220,70,90,5,5,0,1,1,10,1,0.8,1,0.7,531;532;533;534;535;536;537,591,,SOUND_EQUIP,0.2,20,,,,,,FALSE,,,,,,,,,0.01#0.1#0.92#0.6,TRUE,1,,,,,EFFECT_BULLET_AWM,,,,,INGAME_WEAPON_OVERRIDE_ANIM_AK_MALE_FULL_HD,INGAME_WEAPON_OVERRIDE_ANIM_AK_FEMALE_FULL_HD,,,1,0,0.25,0.25,,177,,,,,
78,HealingSniper,78,Icon_HUD_HealingSniper,SOUND_HEALINGSNIPER_FIRE,SOUND_AWM_SILENCER,SOUND_SVD_MIDDLERANGE,SOUND_SVD_LONGRANGE,SOUND_AR_MIDDLERANGE,SOUND_AR_LONGRANGE,SOUND_AR_SILENCER,SOUND_SVD_CLIPOUT,SOUND_SVD_CLIPIN,SOUND_SWITCH_WEAPON_SNIPER,0,3,,,70,5,1,0.45,215,,1,0,220,70,90,50,5,0,1,1,10,1,0.8,1,0.7,531;532;533;534;535;536;537,591,,SOUND_EQUIP,0.2,20,,,,,,FALSE,,,,,,,,,0.01#0.1#0.92#0.6,TRUE,1,,,,,EFFECT_BULLET_AWM,,,,,INGAME_WEAPON_OVERRIDE_ANIM_AK_MALE_FULL_HD,INGAME_WEAPON_OVERRIDE_ANIM_AK_FEMALE_FULL_HD,,,1,0,0.25,0.25,,177,,49;29,,,
79,HealingShot,79,Icon_HUD_HealingShot,SOUND_HEALINGSHOT_FIRE,SOUND_SVD_SILENCER,SOUND_M1887_MIDDLERANGE,SOUND_M1887_MIDDLERANGE,SOUND_AR_MIDDLERANGE,SOUND_AR_LONGRANGE,SOUND_M1014_FIRE,SOUND_M1887_CLIPIN,SOUND_M1887_CLIPOUT,SOUND_SWITCH_WEAPON_SHOTGUN,4,0,,,25,2,1,0.3,216,,1,0,30,6,15,4,0,1,1.2,2.4,10,1,0.55,3,1,531;532;533;534;535;536;537,532,,SOUND_EQUIP,0.2,,,,,,,FALSE,,,-1.5,,,,,,0.008#0.09#0.18#0.6,TRUE,1,,,,,EFFECT_BULLET_M1887,,,,,INGAME_WEAPON_OVERRIDE_ANIM_M1887_MALE_FULL_HD,INGAME_WEAPON_OVERRIDE_ANIM_M1887_FEMALE_FULL_HD,,,1,0,0.25,0.25,,178,,49;29,5,10,2
80,M4A1-x,2,Icon_HUD_M4A1,SOUND_M4A1_FIRE,SOUND_M4A1_SILENCER,SOUND_M4A1_MIDDLERANGE,SOUND_M4A1_LONGRANGE,SOUND_AR_MIDDLERANGE,SOUND_AR_LONGRANGE,SOUND_AR_SILENCER,SOUND_M4A1_CLIPIN,SOUND_M4A1_CLIPOUT,SOUND_SWITCH_WEAPON_RIFLE,0,0,,,29,30,1,0.166,201,0;1;2;3;4;5,1,0,220,45,90,11,6,0.18,1.15,2,10,1,0.55,1,0.9,531;532;533;534;535;536;537,532,5520,SOUND_EQUIP,0.2,10,,,,,,FALSE,,,,,,,,,0.02#0.02#0.12#0.6,TRUE,5,,0.28,3,,,,,,,INGAME_WEAPON_OVERRIDE_ANIM_SCAR_MALE_FULL_HD,INGAME_WEAPON_OVERRIDE_ANIM_SCAR_FEMALE_FULL_HD,2,TRUE,,,0.25,0.25,,102,402,16;53;35,,,
81,M4A1-y,2,Icon_HUD_M4A1,SOUND_M4A1_FIRE,SOUND_M4A1_SILENCER,SOUND_M4A1_MIDDLERANGE,SOUND_M4A1_LONGRANGE,SOUND_AR_MIDDLERANGE,SOUND_AR_LONGRANGE,SOUND_AR_SILENCER,SOUND_M4A1_CLIPIN,SOUND_M4A1_CLIPOUT,SOUND_SWITCH_WEAPON_RIFLE,0,0,,,29,30,1,0.16,201,0;1;2;3;4;5,1,0,220,45,90,11,6,0.18,1.15,2,10,1,0.55,1,0.9,531;532;533;534;535;536;537,532,5521,SOUND_EQUIP,0.2,10,,,,,,FALSE,,,,,,,,,0.02#0.02#0.12#0.6,TRUE,5,,0.28,2,,,,,,,INGAME_WEAPON_OVERRIDE_ANIM_SCAR_MALE_FULL_HD,INGAME_WEAPON_OVERRIDE_ANIM_SCAR_FEMALE_FULL_HD,2,TRUE,,,0.25,0.25,,102,402,54;36;17,,,
82,M4A1-z,2,Icon_HUD_M4A1,SOUND_M4A1_FIRE,SOUND_M4A1_SILENCER,SOUND_M4A1_MIDDLERANGE,SOUND_M4A1_LONGRANGE,SOUND_AR_MIDDLERANGE,SOUND_AR_LONGRANGE,SOUND_AR_SILENCER,SOUND_M4A1_CLIPIN,SOUND_M4A1_CLIPOUT,SOUND_SWITCH_WEAPON_RIFLE,0,0,,,29,30,1,0.152,201,0;1;2;3;4;5,1,0,220,45,90,11,6,0.18,1.15,2,10,1,0.55,1,0.9,531;532;533;534;535;536;537,532,5522,SOUND_EQUIP,0.2,10,,,,,,FALSE,,,,,,,,,0.02#0.02#0.12#0.6,TRUE,5,,0.28,1,,,,,,,INGAME_WEAPON_OVERRIDE_ANIM_SCAR_MALE_FULL_HD,INGAME_WEAPON_OVERRIDE_ANIM_SCAR_FEMALE_FULL_HD,2,TRUE,,,0.25,0.25,,102,402,61;60;37,,,
83,HurricaneStickG,46,icon_HUD_fist,SOUND_WEAPON_EMPTY,SOUND_WEAPON_EMPTY,SOUND_WEAPON_EMPTY,SOUND_WEAPON_EMPTY,SOUND_WEAPON_EMPTY,SOUND_WEAPON_EMPTY,SOUND_WEAPON_EMPTY,SOUND_WEAPON_EMPTY,SOUND_WEAPON_EMPTY,SOUND_WEAPON_EMPTY,3,4,,,0,0,0,1,,,0,0,0,0,0,0,1,0,0,0,0,1,1,1,0,,,,,0.15,,,,,,,FALSE,,,,,,,,,,TRUE,0,,,,,,,,,,,,,,,,0.25,0.25,,,,,,,
84,HurricaneStickR,46,icon_HUD_fist,SOUND_WEAPON_EMPTY,SOUND_WEAPON_EMPTY,SOUND_WEAPON_EMPTY,SOUND_WEAPON_EMPTY,SOUND_WEAPON_EMPTY,SOUND_WEAPON_EMPTY,SOUND_WEAPON_EMPTY,SOUND_WEAPON_EMPTY,SOUND_WEAPON_EMPTY,SOUND_WEAPON_EMPTY,3,4,,,0,0,0,1,,,0,0,0,0,0,0,1,0,0,0,0,1,1,1,0,,,,,0.15,,,,,,,FALSE,,,,,,,,,,TRUE,0,,,,,,,,,,,,,,,,0.25,0.25,,,,,,,
86,charge buster,39,Icon_HUD_Chargeshot,SOUND_M1887_FIRE,SOUND_M1014_FIRE,SOUND_M1887_MIDDLERANGE,SOUND_M1887_MIDDLERANGE,SOUND_AR_MIDDLERANGE,SOUND_AR_LONGRANGE,SOUND_M1014_FIRE,,SOUND_WEAPON_CHARGEBUSTER_RELOAD,SOUND_SWITCH_WEAPON_SHOTGUN,26,1,,,15,3,1,0.3,204,,1,0,15,10,20,6,-1,0.3,1.1,3,10,1.05,0.85,8,0.9,539,539,,SOUND_EQUIP,0.2,,,,,,,FALSE,,,,,,,,,,TRUE,5,,,,,,,,,,INGAME_WEAPON_OVERRIDE_ANIM_SMG_MALE_FULL_HD,INGAME_WEAPON_OVERRIDE_ANIM_SMG_FEMALE_FULL_HD,,,,,0.25,0.25,,,,71;74,8,13,-2
87,DogM1887,46,Icon_HUD_doggun,SOUND_DOGGUN_FIRE,SOUND_DOGGUN_FIRE,SOUND_WEAPON_DOGGUN_FIRE_MIDRANGE,SOUND_WEAPON_DOGGUN_FIRE_MIDRANGE,SOUND_AR_MIDDLERANGE,SOUND_AR_LONGRANGE,SOUND_DOGGUN_FIRE,SOUND_M1887_CLIPIN,SOUND_M1887_CLIPOUT,SOUND_SWITCH_WEAPON_SHOTGUN,4,0,,,17,2,1,0.36,204,,1,0.08,30,6,22,8,0,1,1.2,2.4,10,1,0.55,10,1,,,,SOUND_EQUIP,0.2,,,,,,,FALSE,,,,,,,,,0.008#0.09#0.18#0.6,TRUE,1,,,,,EFFECT_BULLET_M1887,,,INGAME_WEAPON_OVERRIDE_ANIM_M1887_HD,INGAME_WEAPON_OVERRIDE_ANIM_M1887_FEMALE_HD,INGAME_WEAPON_OVERRIDE_ANIM_M1887_MALE_FULL_HD,INGAME_WEAPON_OVERRIDE_ANIM_M1887_FEMALE_FULL_HD,,,,,0.25,0.25,,141,441,,8,13,-2
88,MAC10,88,Icon_HUD_Mac10,SOUND_MAC10_FIRE,SOUND_MAC10_SILENCER,SOUND_UMPSG_MIDDLERANGE,SOUND_UMPSG_LONGRANGE,SOUND_AR_MIDDLERANGE,SOUND_AR_LONGRANGE,SOUND_AR_SILENCER,SOUND_UZI_CLIPIN,SOUND_UZI_CLIPOUT,SOUND_SWITCH_WEAPON_SUB,6,0,,,24,30,1,0.09,205,1;2;3,1,0.18,220,14,29,12,6,0.16,1,2.4,10,1.1,0.85,1,1.1,531;532;533;534;535;536;537,532,504,SOUND_EQUIP_2,0.15,4,,,,,,FALSE,,,,,,,,,0.01#0.022#0.06#0.6,TRUE,7,,,,,,,,,,INGAME_WEAPON_OVERRIDE_ANIM_MP5_MALE_FULL_HD,INGAME_WEAPON_OVERRIDE_ANIM_MP5_FEMALE_FULL_HD,,,,,0.25,0.25,,185,485,38;2;31,12,20,-2
89,AC80(MINI),89,Icon_HUD_MINI,SOUND_MINI14_FIRE,SOUND_MINI14_SILENCER,SOUND_MINI14_MIDDLERANGE,SOUND_MINI14_LONGRANGE,SOUND_AR_MIDDLERANGE,SOUND_AR_LONGRANGE,SOUND_AR_SILENCER,SOUND_MINI14_CLIPIN,SOUND_MINI14_CLIPOUT,SOUND_SWITCH_WEAPON_SNIPER,0,3,,,50,10,1,0.45,201,0;2;4,1,0.5,220,62,82,20,10,0.25,1.15,2,10,1,0.65,1,1,531;532;533;534;535;536;537,535,,SOUND_EQUIP,0.15,20,,,,,,FALSE,,0.34,0.5,0.25,,,,,0.008#0.045#0.42#0.6,TRUE,1,,0.6,2,,,,,,,INGAME_WEAPON_OVERRIDE_ANIM_AK_MALE_FULL_HD,INGAME_WEAPON_OVERRIDE_ANIM_AK_FEMALE_FULL_HD,,,,,0.25,0.25,,186,486,3;36;5,,,
90,RGS50  Anti-materiel Launcher,40,Icon_HUD_RGS50,SOUND_RGS50_FIRE,SOUND_RGS50_FIRE,,,SOUND_RGS50_FIRE,SOUND_RGS50_FIRE,SOUND_RGS50_FIRE,SOUND_M79_CLIPIN,SOUND_M79_CLIPOUT,SOUND_SWITCH_WEAPON_RGS50,7,1,,,100,3,1,3,207,,1,0,220,100,100,60,0,0,1,1,10,1,0.8,1,1.1,,,,SOUND_EQUIP,0.2,,,,,,,FALSE,,,,,,,,2,,TRUE,0,,,,,,,,,,INGAME_WEAPON_OVERRIDE_ANIM_GRENADELAUNCHER_MALE_FULL_HD,INGAME_WEAPON_OVERRIDE_ANIM_GRENADELAUNCHER_FEMALE_FULL_HD,,,,,0.25,0.25,,,,,,,
91,M79-sr,33,Icon_HUD_M79,SOUND_M79_FIRE,SOUND_M79_FIRE,,,SOUND_M79_FIRE,SOUND_M79_FIRE,SOUND_M79_FIRE,SOUND_M79_CLIPIN,SOUND_M79_CLIPOUT,SOUND_SWITCH_WEAPON_M79,7,0,,,100,1,1,3,207,1,1,0,220,100,100,100,0,0,1,1,10,1,0.8,1,1.1,,,,SOUND_EQUIP,0.2,,,,,,,FALSE,,,,,,,,,,TRUE,1,,,,,,,,,,INGAME_WEAPON_OVERRIDE_ANIM_M79_MALE_FULL_HD,INGAME_WEAPON_OVERRIDE_ANIM_M79_FEMALE_FULL_HD,,,,,0.25,0.25,,,,,,,
92,VehMachineGun,34,Icon_HUD_MachineGun,SOUND_VEHICLEMACHINEGUN_FIRE,SOUND_SMG_SILENCER,SOUND_SMG_MIDDLERANGE,SOUND_SMG_LONGRANGE,SOUND_AR_MIDDLERANGE,SOUND_AR_LONGRANGE,SOUND_AR_SILENCER,SOUND_AK47_CLIPIN,SOUND_AK47_CLIPOUT,SOUND_SWITCH_WEAPON,10,0,,,10,2000,1,0.18,201,,1,0,220,38,85,5,1,0.3,1.2,2.4,10,1,0.55,1,0.8,531;532;533;534;535;536;537,532,,SOUND_EQUIP,0.2,18,,,,,,FALSE,,,,,,,,,,TRUE,4,,,,,,,,,,INGAME_WEAPON_OVERRIDE_ANIM_AR_MALE_FULL_HD,INGAME_WEAPON_OVERRIDE_ANIM_AR_FEMALE_FULL_HD,,,,,0.25,0.25,,,,,,,
93,HealingPistol,35,Icon_HUD_TREATMENTGUN,SOUND_TREATMENTGUN_FIRE,SOUND_TREATMENTGUN_FIRE,SOUND_TREATMENTGUN_FIRE,SOUND_TREATMENTGUN_FIRE,SOUND_TREATMENTGUN_FIRE,SOUND_TREATMENTGUN_FIRE,SOUND_TREATMENTGUN_FIRE,SOUND_G18_CLIPIN,SOUND_G18_CLIPOUT,SOUND_SWITCH_WEAPON,2,0,,,31,25,1,0.3,208,,1,0,50,15,40,10,4,0.15,1.2,2,10,1.1,0.85,1,0.9,531;532;533;534;535;536;537,532,,SOUND_EQUIP,0.2,8,,,,,,FALSE,,,,,,,,,0.002#0.002#0.2#0.6,TRUE,2,,,,,,,,,,INGAME_WEAPON_OVERRIDE_ANIM_HANDGUN_MALE_FULL_HD,INGAME_WEAPON_OVERRIDE_ANIM_HANDGUN_FEMALE_FULL_HD,,,1,0,0.25,0.25,,,,49;29,,,
94,AWM,36,Icon_HUD_AWM,SOUND_AWM_FIRE,SOUND_SNIPER_SILENCER,SOUND_AWM_MIDDLERANGE,SOUND_AWM_LONGRANGE,SOUND_AR_MIDDLERANGE,SOUND_AR_LONGRANGE,SOUND_AR_SILENCER,SOUND_AWM_CLIPIN,SOUND_AWM_CLIPOUT,SOUND_SWITCH_WEAPON_SNIPER,1,0,,,200,5,1,1.3,203,0;1,1,0,220,70,90,150,5,0,1,1,10,1,0.8,1,0.7,531;532;533;534;535;536;537;538,538,,SOUND_EQUIP,0.2,50,,,,,,FALSE,,,,,,,,,0.01#0.1#0.82#0.6,TRUE,1,,,,,,,,INGAME_WEAPON_OVERRIDE_ANIM_SNIPER_AWM_HD,INGAME_WEAPON_OVERRIDE_ANIM_SNIPER_AWM_FEMALE_HD,INGAME_WEAPON_OVERRIDE_ANIM_AWM_MALE_FULL_HD,INGAME_WEAPON_OVERRIDE_ANIM_AWM_FEMALE_FULL_HD,,,,,0.25,0.25,,104,404,,,,
95,Hand-Cannon,44,Icon_HUD_Hand_Cannon,SOUND_HANDCANNON_FIRE,SOUND_M79_FIRE,SOUND_WEAPON_EMPTY,SOUND_WEAPON_EMPTY,SOUND_M79_FIRE,SOUND_M79_FIRE,SOUND_M79_FIRE,SOUND_M79_CLIPIN,SOUND_M79_CLIPOUT,SOUND_SWITCH_WEAPON_HAND,16,0,,,50,2,1,1.5,207,,1,0,25,10,10,10,0,0.5,1.5,2,10,1.1,0.75,1,1.1,,,,SOUND_EQUIP,0.2,,,,,,,FALSE,,,,,,,,,0.01#0.06#0.5#0.6,TRUE,1,,,,,,,,,,INGAME_WEAPON_OVERRIDE_ANIM_HANDCANNON_MALE_FULL_HD,INGAME_WEAPON_OVERRIDE_ANIM_HANDCANNON_FEMALE_FULL_HD,,,,,0.25,0.25,,,,50;4,,,
96,LightStick,46,icon_HUD_fist,SOUND_WEAPON_EMPTY,SOUND_WEAPON_EMPTY,SOUND_WEAPON_EMPTY,SOUND_WEAPON_EMPTY,SOUND_WEAPON_EMPTY,SOUND_WEAPON_EMPTY,SOUND_WEAPON_EMPTY,SOUND_WEAPON_EMPTY,SOUND_WEAPON_EMPTY,SOUND_WEAPON_EMPTY,3,4,,,0,0,0,1,,,0,0,0,0,0,0,1,0,0,0,0,1,1,1,0,,,,,0.15,,,,,,,FALSE,,,,,,,,,,TRUE,0,,,,,,,,,,,,,,,,0.25,0.25,,,,26,,,
97,Ice-gun,47,Icon_HUD_ICE_GUN,SOUND_ICEGUN_FIRE,SOUND_ICEGUN_FIRE,SOUND_WEAPON_EMPTY,SOUND_WEAPON_EMPTY,SOUND_WEAPON_EMPTY,SOUND_WEAPON_EMPTY,SOUND_WEAPON_EMPTY,SOUND_M79_CLIPIN,SOUND_M79_CLIPOUT,SOUND_SWITCH_WEAPON_HAND,19,0,,,10,3,1,1.5,212,,1,0,25,10,10,10,0,0.5,1.5,2,10,1.1,0.75,1,1.1,,,,SOUND_EQUIP,0.2,,,,,,,FALSE,,,,,,,,,0.01#0.06#0.5#0.6,TRUE,0,,,,,,,,,,INGAME_WEAPON_OVERRIDE_ANIM_HANDGUN_MALE_FULL_HD,INGAME_WEAPON_OVERRIDE_ANIM_HANDGUN_FEMALE_FULL_HD,,,,,0.25,0.25,,,,72,,,
98,CG15,39,Icon_HUD_CG15,SOUND_CG15_FIRE,SOUND_SMG_SILENCER,SOUND_CG15_MIDDLERANGE,SOUND_CG15_LONGRANGE,SOUND_AR_MIDDLERANGE,SOUND_AR_LONGRANGE,SOUND_AR_SILENCER,SOUND_MP5_CLIPIN,SOUND_MP5_CLIPOUT,SOUND_SWITCH_WEAPON_SUB,12,1,,,25,20,1,0.11,205,1;2,1,0,220,25,75,18,3,0.14,1.1,1.9,10,1,0.65,1,1.1,539,539,,SOUND_EQUIP,0.2,6,,,,,,FALSE,,,,,,,,,,TRUE,5,,,,,,,,,,INGAME_WEAPON_OVERRIDE_ANIM_SMG_MALE_FULL_HD,INGAME_WEAPON_OVERRIDE_ANIM_SMG_FEMALE_FULL_HD,,,,,0.25,0.25,,,,,12,20,-2
99,SHIELDGUN护盾枪,99,Icon_HUD_Shieldgun,SOUND_SHIELDGUN_FIRE,SOUND_AR_SILENCER,SOUND_SHIELDGUN_FIRE,SOUND_SHIELDGUN_FIRE,SOUND_SHIELDGUN_FIRE,SOUND_SHIELDGUN_FIRE,SOUND_AR_SILENCER,SOUND_SHIELDGUN_CLIPIN,SOUND_SHIELDGUN_CLIPOUT,SOUND_SWITCH_WEAPON_SHIELDGUN,0,2,,,27,30,1,0.17,201,0;1;2;4,1,0,220,21,52,12,3,0.18,1.2,2.4,10,1,0.85,1,1,530,530,,SOUND_EQUIP_2,0.2,8,,,,,,FALSE,,,,,,,,,0.025#0.025#0.1#0.6,TRUE,4,,,,,,,,,,INGAME_WEAPON_OVERRIDE_ANIM_AR_MALE_FULL_HD,INGAME_WEAPON_OVERRIDE_ANIM_AR_FEMALE_FULL_HD,,,,,0.25,0.25,,,,48,,,
100,喷火器Flamethrower,100,Icon_HUD_FLAMETHROWER,SOUND_WEAPON_EMPTY,SOUND_WEAPON_EMPTY,SOUND_WEAPON_EMPTY,SOUND_WEAPON_EMPTY,SOUND_WEAPON_EMPTY,SOUND_WEAPON_EMPTY,SOUND_WEAPON_EMPTY,,,SOUND_SWITCH_WEAPON,21,0,,,15,200,1,0.06,214,,1,1,6,4,5,10,1,1,1,1,1,1.1,0.65,1,0.9,,,,SOUND_EQUIP,0.2,8,,,20,,,FALSE,,,-4.5,,,,,2,0.01#0.015#0.08#0.6,TRUE,5,,,,,,,,,,INGAME_WEAPON_OVERRIDE_ANIM_HANDGUN_MALE_FULL_HD,INGAME_WEAPON_OVERRIDE_ANIM_HANDGUN_FEMALE_FULL_HD,,,,,0.25,0.25,,,,47,,,
110,HurricaneStickP,46,icon_HUD_fist,SOUND_WEAPON_EMPTY,SOUND_WEAPON_EMPTY,SOUND_WEAPON_EMPTY,SOUND_WEAPON_EMPTY,SOUND_WEAPON_EMPTY,SOUND_WEAPON_EMPTY,SOUND_WEAPON_EMPTY,SOUND_WEAPON_EMPTY,SOUND_WEAPON_EMPTY,SOUND_WEAPON_EMPTY,3,4,,,0,0,0,1,,,0,0,0,0,0,0,1,0,0,0,0,1,1,1,0,,,,,0.15,,,,,,,FALSE,,,,,,,,,,TRUE,0,,,,,,,,,,,,,,,,0.25,0.25,,,,,,,
111,HurricaneStickW,46,icon_HUD_fist,SOUND_WEAPON_EMPTY,SOUND_WEAPON_EMPTY,SOUND_WEAPON_EMPTY,SOUND_WEAPON_EMPTY,SOUND_WEAPON_EMPTY,SOUND_WEAPON_EMPTY,SOUND_WEAPON_EMPTY,SOUND_WEAPON_EMPTY,SOUND_WEAPON_EMPTY,SOUND_WEAPON_EMPTY,3,4,,,0,0,0,1,,,0,0,0,0,0,0,1,0,0,0,0,1,1,1,0,,,,,0.15,,,,,,,FALSE,,,,,,,,,,TRUE,0,,,,,,,,,,,,,,,,0.25,0.25,,,,,,,
119,M1887TD,46,Icon_HUD_M1887,SOUND_M1887_FIRE,SOUND_M1014_FIRE,SOUND_M1887_MIDDLERANGE,SOUND_M1887_MIDDLERANGE,SOUND_AR_MIDDLERANGE,SOUND_AR_LONGRANGE,SOUND_M1014_FIRE,SOUND_M1887_CLIPIN,SOUND_M1887_CLIPOUT,SOUND_SWITCH_WEAPON_SHOTGUN,4,0,,,17,3,1,0.36,204,,1,0.08,30,6,22,8,0,1,1.2,2.4,10,1,0.55,10,1,,,,SOUND_EQUIP,0.2,,,,,,,FALSE,,,,,,,,,0.008#0.09#0.18#0.6,TRUE,1,,,,,EFFECT_BULLET_M1887,,,INGAME_WEAPON_OVERRIDE_ANIM_M1887_HD,INGAME_WEAPON_OVERRIDE_ANIM_M1887_FEMALE_HD,INGAME_WEAPON_OVERRIDE_ANIM_M1887_MALE_FULL_HD,INGAME_WEAPON_OVERRIDE_ANIM_M1887_FEMALE_FULL_HD,,TRUE,,,0.3,0.25,,141,441,,8,13,-2
120,GoldMP5-II,60,Icon_HUD_MP5,SOUND_MP5_FIRE,SOUND_SMG_SILENCER,SOUND_SMG_MIDDLERANGE,SOUND_SMG_LONGRANGE,SOUND_AR_MIDDLERANGE,SOUND_AR_LONGRANGE,SOUND_AR_SILENCER,SOUND_MP5_CLIPIN,SOUND_MP5_CLIPOUT,SOUND_SWITCH_WEAPON,6,0,,,23,30,1,0.088,205,0;1;3;5,1,0,220,18,34,10,6,0.14,1.1,2.2,10,1,0.85,1,1.1,531;532;533;534;535;536;537,532,5511,SOUND_EQUIP,0.2,4,,,,,,FALSE,,,,,,,,,0.008#0.02#0.08#0.6,TRUE,6,,,,,,,,,,INGAME_WEAPON_OVERRIDE_ANIM_MP5_MALE_FULL_HD,INGAME_WEAPON_OVERRIDE_ANIM_MP5_FEMALE_FULL_HD,8,TRUE,,,0.25,0.25,,108,408,54;17;31,12,20,-2
121,GoldMP5-III,60,Icon_HUD_MP5,SOUND_MP5_FIRE,SOUND_SMG_SILENCER,SOUND_SMG_MIDDLERANGE,SOUND_SMG_LONGRANGE,SOUND_AR_MIDDLERANGE,SOUND_AR_LONGRANGE,SOUND_AR_SILENCER,SOUND_MP5_CLIPIN,SOUND_MP5_CLIPOUT,SOUND_SWITCH_WEAPON,6,0,,,23,30,1,0.082,205,0;1;3;5,1,0,220,18,34,10,6,0.14,1.1,2.2,10,1,0.85,1,1.1,531;532;533;534;535;536;537,532,5511,SOUND_EQUIP,0.2,4,,,,,,FALSE,,,,,,,,,0.008#0.02#0.08#0.6,TRUE,6,,,,,,,,,,INGAME_WEAPON_OVERRIDE_ANIM_MP5_MALE_FULL_HD,INGAME_WEAPON_OVERRIDE_ANIM_MP5_FEMALE_FULL_HD,8,TRUE,,,0.25,0.25,,108,408,61;60;31,12,20,-2
122,GoldM60-II,61,Icon_HUD_M60,SOUND_M60_FIRE,SOUND_AR_SILENCER,SOUND_AR_MIDDLERANGE,SOUND_AR_LONGRANGE,SOUND_AR_MIDDLERANGE,SOUND_AR_LONGRANGE,SOUND_AR_SILENCER,SOUND_M60_CLIPIN,SOUND_M60_CLIPOUT,SOUND_SWITCH_WEAPON,0,1,,,31,60,1,0.18,201,3;5,1,0,220,41,71,14,3,0.24,1.15,2.5,10,1,0.3,1,0.9,531;532;533;534;535;536;537,532,5523;524,SOUND_EQUIP,0.2,12,,,,,,FALSE,,,,,,,,0.6,0.014#0.02#0.12#0.6,TRUE,4,,,,,,,,,,INGAME_WEAPON_OVERRIDE_ANIM_MG_MALE_FULL_HD,INGAME_WEAPON_OVERRIDE_ANIM_MG_FEMALE_FULL_HD,30,TRUE,,,0.25,0.25,,130,430,12;62;17,,,
123,GoldM60-III,61,Icon_HUD_M60,SOUND_M60_FIRE,SOUND_AR_SILENCER,SOUND_AR_MIDDLERANGE,SOUND_AR_LONGRANGE,SOUND_AR_MIDDLERANGE,SOUND_AR_LONGRANGE,SOUND_AR_SILENCER,SOUND_M60_CLIPIN,SOUND_M60_CLIPOUT,SOUND_SWITCH_WEAPON,0,1,,,31,60,1,0.18,201,3;5,1,0,220,41,71,14,3,0.24,1.15,2.5,10,1,0.3,1,0.9,531;532;533;534;535;536;537,532,5524;524,SOUND_EQUIP,0.2,12,,,,,,FALSE,,,,,,,,0.6,0.014#0.02#0.12#0.6,TRUE,4,,,,,,,,,,INGAME_WEAPON_OVERRIDE_ANIM_MG_MALE_FULL_HD,INGAME_WEAPON_OVERRIDE_ANIM_MG_FEMALE_FULL_HD,30,TRUE,,,0.25,0.25,,130,430,61;63;12,,,
124,GoldVSS-II,62,Icon_HUD_VSS,SOUND_VSS_FIRE,SOUND_VSS_FIRE,,,SOUND_VSS_FIRE,SOUND_VSS_FIRE,SOUND_VSS_FIRE,SOUND_VSS_CLIPIN,SOUND_VSS_CLIPOUT,SOUND_SWITCH_WEAPON,6,1,,,29,15,1,0.23,205,1;4;5,1,0,220,50,90,14,3,0.1,1,1.4,10,1,0.35,1,1,531;532;533;534;535;536;537,535,5514,SOUND_EQUIP,0.2,10,,,,,TRUE,FALSE,,,,,,,,,0.012#0.015#0.22#0.6,TRUE,3,,,,,,,,,,INGAME_WEAPON_OVERRIDE_ANIM_AK_MALE_FULL_HD,INGAME_WEAPON_OVERRIDE_ANIM_AK_FEMALE_FULL_HD,13,TRUE,,,0.25,0.25,,113,413,39;54;17,,,
125,GoldVSS-III,62,Icon_HUD_VSS,SOUND_VSS_FIRE,SOUND_VSS_FIRE,,,SOUND_VSS_FIRE,SOUND_VSS_FIRE,SOUND_VSS_FIRE,SOUND_VSS_CLIPIN,SOUND_VSS_CLIPOUT,SOUND_SWITCH_WEAPON,6,1,,,29,15,1,0.2,205,1;4;5,1,0,220,50,90,14,3,0.1,1,1.4,10,1,0.35,1,1,531;532;533;534;535;536;537,535,5514,SOUND_EQUIP,0.2,10,,,,,TRUE,FALSE,,,,,,,,,0.012#0.015#0.22#0.6,TRUE,3,,,,,,,,,,INGAME_WEAPON_OVERRIDE_ANIM_AK_MALE_FULL_HD,INGAME_WEAPON_OVERRIDE_ANIM_AK_FEMALE_FULL_HD,13,TRUE,,,0.25,0.25,,113,413,61;60;39,,,
126,GoldM14-II,63,Icon_HUD_M14,SOUND_M14_FIRE,SOUND_M14_SILENCER,SOUND_M14_MIDDLERANGE,SOUND_M14_LONGRANGE,SOUND_AR_MIDDLERANGE,SOUND_AR_LONGRANGE,SOUND_AR_SILENCER,SOUND_M14_CLIPIN,SOUND_M14_CLIPOUT,SOUND_SWITCH_WEAPON_SNIPER,0,0,,,59,15,1,0.29,201,0;1;2;3;5,1,0,220,42,88,30,10,0.15,1.15,2,10,1,0.55,1,0.8,531;532;533;534;535;536;537,532,5515,SOUND_EQUIP,0.2,15,,,,,,TRUE,,,,,,,,,0.01#0.025#0.16#0.6,TRUE,2,,,,,,,,,,INGAME_WEAPON_OVERRIDE_ANIM_AK_MALE_FULL_HD,INGAME_WEAPON_OVERRIDE_ANIM_AK_FEMALE_FULL_HD,11,TRUE,,,0.25,0.25,,111,411,54;17;55,,,
127,GoldM14-III,63,Icon_HUD_M14,SOUND_M14_FIRE,SOUND_M14_SILENCER,SOUND_M14_MIDDLERANGE,SOUND_M14_LONGRANGE,SOUND_AR_MIDDLERANGE,SOUND_AR_LONGRANGE,SOUND_AR_SILENCER,SOUND_M14_CLIPIN,SOUND_M14_CLIPOUT,SOUND_SWITCH_WEAPON_SNIPER,0,0,,,59,15,1,0.26,201,0;1;2;3;5,1,0,220,42,88,30,10,0.15,1.15,2,10,1,0.55,1,0.8,531;532;533;534;535;536;537,532,5515,SOUND_EQUIP,0.2,15,,,,,,TRUE,,,,,,,,,0.01#0.025#0.16#0.6,TRUE,2,,,,,,,,,,INGAME_WEAPON_OVERRIDE_ANIM_AK_MALE_FULL_HD,INGAME_WEAPON_OVERRIDE_ANIM_AK_FEMALE_FULL_HD,11,TRUE,,,0.25,0.25,,111,411,61;60;55,,,
128,GoldKar98k-II,64,Icon_HUD_Kar98k,SOUND_Kar98k_FIRE,SOUND_98K_SILENCER,SOUND_KAR98K_MIDDLERANGE,SOUND_KAR98K_LONGRANGE,SOUND_AR_MIDDLERANGE,SOUND_AR_LONGRANGE,SOUND_AR_SILENCER,SOUND_Kar98k_CLIPIN,SOUND_Kar98k_CLIPOUT,SOUND_SWITCH_WEAPON_SNIPER,1,1,,,84,5,1,0.92,203,0;5,1,0.45,220,60,85,60,5,0,1,1,10,1,0.8,1,0.6,531;532;533;534;535;536;537,536,5516,SOUND_EQUIP,0.2,12,,,,,,FALSE,,1,,0.25,,,,,0.006#0.09#0.75#0.6,TRUE,1,,,,SOUND_Weapon_Kar98k_Bolt,,,,INGAME_WEAPON_OVERRIDE_ANIM_SNIPER_Kar98k_HD,INGAME_WEAPON_OVERRIDE_ANIM_SNIPER_Kar98k_FEMALE_HD,INGAME_WEAPON_OVERRIDE_ANIM_Kar98k_MALE_FULL_HD,INGAME_WEAPON_OVERRIDE_ANIM_Kar98k_FEMALE_FULL_HD,21,TRUE,,,0.4,0.25,,121,421,56;54;17,,,
129,GoldKar98k-III,64,Icon_HUD_Kar98k,SOUND_Kar98k_FIRE,SOUND_98K_SILENCER,SOUND_KAR98K_MIDDLERANGE,SOUND_KAR98K_LONGRANGE,SOUND_AR_MIDDLERANGE,SOUND_AR_LONGRANGE,SOUND_AR_SILENCER,SOUND_Kar98k_CLIPIN,SOUND_Kar98k_CLIPOUT,SOUND_SWITCH_WEAPON_SNIPER,1,1,,,84,5,1,0.83,203,0;5,1,0.5,220,60,85,60,5,0,1,1,10,1,0.8,1,0.6,531;532;533;534;535;536;537,536,5516,SOUND_EQUIP,0.2,12,,,,,,FALSE,,1,,0.25,,,,,0.006#0.09#0.75#0.6,TRUE,1,,,,SOUND_Weapon_Kar98k_Bolt,,,,INGAME_WEAPON_OVERRIDE_ANIM_SNIPER_Kar98k_HD,INGAME_WEAPON_OVERRIDE_ANIM_SNIPER_Kar98k_FEMALE_HD,INGAME_WEAPON_OVERRIDE_ANIM_Kar98k_MALE_FULL_HD,INGAME_WEAPON_OVERRIDE_ANIM_Kar98k_FEMALE_FULL_HD,21,TRUE,,,0.4,0.25,,121,421,61;56;60,,,
130,GoldFAMAS-II,24,Icon_HUD_Famas,SOUND_FAMAS_FIRE,SOUND_FAMAS_SILENCER,SOUND_FAMAS_MIDDLERANGE,SOUND_FAMAS_LONGRANGE,SOUND_AR_MIDDLERANGE,SOUND_AR_LONGRANGE,SOUND_AR_SILENCER,SOUND_FAMAS_CLIPIN,SOUND_FAMAS_CLIPOUT,SOUND_SWITCH_WEAPON_RIFLE,0,0,,,29,30,1,0.1,201,0;1;2;3;4;5,2,0,220,38,80,12,1,0.3,1.2,2,10,1,0.65,1,0.9,531;532;533;534;535;536;537,532,5519,SOUND_EQUIP,0.2,10,,,,,,TRUE,0.15,,,,,,,,0.015#0.02#0.1#0.6,TRUE,1,,0.25,3,,,,,,,INGAME_WEAPON_OVERRIDE_ANIM_AUG_MALE_FULL_HD,INGAME_WEAPON_OVERRIDE_ANIM_AUG_FEMALE_FULL_HD,24,TRUE,,,0.25,0.25,,124,424,64;17;31,,,
131,GoldFAMAS-III,24,Icon_HUD_Famas,SOUND_FAMAS_FIRE,SOUND_FAMAS_SILENCER,SOUND_FAMAS_MIDDLERANGE,SOUND_FAMAS_LONGRANGE,SOUND_AR_MIDDLERANGE,SOUND_AR_LONGRANGE,SOUND_AR_SILENCER,SOUND_FAMAS_CLIPIN,SOUND_FAMAS_CLIPOUT,SOUND_SWITCH_WEAPON_RIFLE,0,0,,,29,30,1,0.1,201,0;1;2;3;4;5,2,0,220,38,80,12,1,0.3,1.2,2,10,1,0.65,1,0.9,531;532;533;534;535;536;537,532,5519,SOUND_EQUIP,0.2,10,,,,,,TRUE,0.15,,,,,,,,0.015#0.02#0.1#0.6,TRUE,1,,0.35,3,,,,,,,INGAME_WEAPON_OVERRIDE_ANIM_AUG_MALE_FULL_HD,INGAME_WEAPON_OVERRIDE_ANIM_AUG_FEMALE_FULL_HD,24,TRUE,,,0.25,0.25,,124,424,61;65;31,,,
132,GoldHeatGun-II,66,Icon_HUD_Superheat,SOUND_SUPERHEAT_FIRE,SOUND_SUPERHEAT_FIRE,SOUND_HEATGUN_MIDDLERANGE,SOUND_HEATGUN_LONGRANGE,SOUND_AR_MIDDLERANGE,SOUND_AR_LONGRANGE,SOUND_SUPERHEAT_FIRE,,,SOUND_SWITCH_WEAPON,0,0,,,34,30,1,0.159,211,2;3;5,1,0,220,45,80,15,4,0.23,1.15,1.9,10,1,0.55,1,0,531;532;533;534;535;536;537,532,5517,SOUND_EQUIP,0.2,10,,,,,,FALSE,,,,,,,,,,TRUE,4,,,,,,,,,,INGAME_WEAPON_OVERRIDE_ANIM_AR_MALE_FULL_HD,INGAME_WEAPON_OVERRIDE_ANIM_AR_FEMALE_FULL_HD,39,TRUE,,,0.25,0.25,,139,439,63;67;17,,,
133,GoldHeatGun-III,66,Icon_HUD_Superheat,SOUND_SUPERHEAT_FIRE,SOUND_SUPERHEAT_FIRE,SOUND_HEATGUN_MIDDLERANGE,SOUND_HEATGUN_LONGRANGE,SOUND_AR_MIDDLERANGE,SOUND_AR_LONGRANGE,SOUND_SUPERHEAT_FIRE,,,SOUND_SWITCH_WEAPON,0,0,,,37,30,1,0.15,211,2;3;5,1,0,220,45,80,15,4,0.23,1.15,1.9,10,1,0.55,1,0,531;532;533;534;535;536;537,532,5517,SOUND_EQUIP,0.2,10,,,,,,FALSE,,,,,,,,,,TRUE,4,,,,,,,,,,INGAME_WEAPON_OVERRIDE_ANIM_AR_MALE_FULL_HD,INGAME_WEAPON_OVERRIDE_ANIM_AR_FEMALE_FULL_HD,39,TRUE,,,0.25,0.25,,139,439,61;63;68,,,
