SkinID,name,region,desc,WeaponID,damage,ammo_clip_size,fire_interval,multi_fire_interval,bite_armor,range,full_damage_distance,min_damage_distance,min_damage,scatter_num,scatter_speed,scatter_move,scatter_max,scatter_recover_speed,player_speed_factor,player_speed_factor_while_firing,once_ammo,reload_speed,buff_id,damage_ratio_head,damage_ratio_body,damage_ratio_limb,sight_shoot_mindmg_numx
武器皮肤ID,武器名称,生效区,注释（属性强弱（1=强属性 2=弱属性）,武器id,基本伤害,弹夹数量修正,发射间隔,多连发 发射间隔,护甲穿透(保留),射程,满伤害距离,最小伤害开始距离,最小伤害,开始散射阈值(连射子弹数目),扩散增加速度(0.1=每多一次连发准星扩大10%),移动情况下扩散大小(1.5=1.5*基本准星大小),最大扩散阈值(2=2*基本准星大小),扩散恢复速度(保留),玩家移动速度影响(0.9=基础移速90%),射击时的玩家速度影响,一次发射子弹数量，霰弹枪专有,换弹夹速度(基础速度*该系数),武器技能id,对身体伤害,对头部伤害,对四肢伤害,开镜伤害
907100013,大黄蜂主题AK,DEFAULT,,6,2,,,,,,-1,-1,,,,,,,,,,,,,,,
907100016,M1873(OB9low),DEFAULT,,20,,,,,,,,,,,,,0.2,,,,,0.05,,,,,
907100017,GROZA(OB9low),DEFAULT,,14,1,,,,,,-1,,,,,,,,,,,,,,,,
907100018,SKS(OB9low),DEFAULT,,18,,2,,,,,,,,,,,0.2,,,,,,,,,,
907100019,M14(OB9low),DEFAULT,,11,1,-1,,,,,,,,,,,,,,,,,,,,,
907100020,MP5(OB9low),DEFAULT,,8,,-5,-0.01,,,,,,,,,,,,,,,,,,,,
907100021,G18(OB9low),DEFAULT,,10,2,,,,,,,,,,,,,,,,,-0.06,,,,,
907100022,AK47(OB9low),DEFAULT,,6,,,-0.01,,,,,-1,,,,,,,,,,,,,,,
907100023,SCAR(OB9low),DEFAULT,,12,,5,,,,,,,,,,,0.3,,,,,,,,,,
907100024,FAMAS(OB9low),DEFAULT,,24,1,-2,,,,,,,,,,,,,,,,,,,,,
907100025,M1014(OB9low),DEFAULT,,5,,2,0.02,,,,,,,,,,,,,,,,,,,,
907100027,天際線主題M14,DEFAULT,,11,6,,,,,,,,,,,,0.1,,,,,,,,,,
907100030,TXT_OB9_ZXR_MACHETE_FISH_NAME,DEFAULT,,17,24,,,,,,,,,,,,,,,,,,,,,,
907100031,TXT_OB9_ZXR_BASEBALLBAT_MACE_NAME,DEFAULT,,27,15,,,,,0.5,,,,,,,,,,,,,,,,,
907100039,噴火M1014,DEFAULT,,5,1,1,0.02,,,,,,,,,,,,,,,,,,,,
907100040,白龍AK47,DEFAULT,,6,5,-2,-0.03,,,,,,,,,,,,,,,,,,,,
907100042,天際線主題M4A1,DEFAULT,,2,6,,,,,,,,,,,,0.2,,,,,,,,,,
907100043,天際線主題UMP,DEFAULT,,7,3,,,,,,,,,,,,0.2,,,,,,,,,,
907100044,天際線主題M1014,DEFAULT,,5,3,,,,,,,,,,,,0.1,,,,,,,,,,
907100045,大黄蜂主题MP5,DEFAULT,,8,1,,,,,,-1,-1,,,,,,,,,,,,,,,
907100046,大黄蜂主题SPAS12,DEFAULT,,29,1,,,,,,-1,-1,,,,,,,,,,,,,,,
907100047,大黄蜂主题SKS,DEFAULT,,18,3,,,,,,-2,-1,,,,,,,,,,,,,,,
907100011,粉色天堂M4A1,DEFAULT,,2,,,-0.02,,,,,,,,,,,,,,,-0.1,,,,,
907100054,粉色天堂MP5,DEFAULT,,8,,,-0.013,,,,,,,,,,,,,,,-0.1,,,,,
907100055,粉色天堂VSS,DEFAULT,,13,,,-0.035,,,,,,,,,,,,,,,-0.1,,,,,
907100056,粉色天堂M249,DEFAULT,,19,,,-0.015,,,,,,,,,,,,,,,-0.1,,,,,
907100029,钛金风暴UMP,DEFAULT,,7,,10,,,,-1.5,-1,-1,,,,,,,,,,,,,,,
907100057,钛金风暴MP40,DEFAULT,,15,,8,,,,-1.5,-1,-1,,,,,,,,,,,,,,,
907100058,钛金风暴M14,DEFAULT,,11,,6,,,,-3,-1.5,-1.5,,,,,,,,,,,,,,,
907100059,钛金风暴M79,DEFAULT,,23,,1,,,,-2,-1,-1,,,,,,,,,,,,,,,
907100062,法老之眼Groza,DEFAULT,,14,,,0.01,,,5,5,5,,,,,,,,,,,,,,,
907100026,法老之眼Kar98K,DEFAULT,,21,,,0.1,,,10,10,5,,,,,,,,,,,,,,,
907100061,法老之眼SPAS12,DEFAULT,,29,,,0.03,,,3,1,2,,,,,,,,,,,,,,,
907100060,法老之眼M1014,DEFAULT,,5,,,0.04,,,3,1.2,3,,,,,,,,,,,,,,,
907100063,黄色猎豹SCAR,DEFAULT,,12,4,-5,,,,,,,,,,,,,,,,,,,,,
907100028,黄色猎豹FAMAS,DEFAULT,,24,4,-5,,,,,,,,,,,,,,,,,,,,,
907100064,黄色猎豹SKS,DEFAULT,,18,6,-2,,,,,,,,,,,,,,,,,,,,,
907100065,黄色猎豹AWM,DEFAULT,,4,20,-1,,,,,,,,,,,,,,,,,,,,,
907100052,奔向月球FAMAS,DEFAULT,,24,4,,,,,3,1,1,,,,,,,,,,-0.1,,,,,
907100053,头号玩家SCAR,DEFAULT,,12,2,,,,,-1.5,-1,-1,,,-0.1,,-0.3,,,,,,,,,,
907100050,万圣节UMP,DEFAULT,,7,1,-5,,,,,,,,,,,,,,,,0.2,,,,,
907100048,奔向月球SKS,DEFAULT,,18,,-2,,,,,,,,,,,,,,,,0.3,,,,,
907100049,头号玩家MP40,DEFAULT,,15,3,,,,,-5,-3,-2,,,,,,,,,,,,,,,
907100051,万圣节SPAS12,DEFAULT,,29,,,,,,,,,,,-0.4,,-1,,,,,-0.1,,,,,
907100071,M4A1_星艦上將,DEFAULT,,2,4,-2,,,,,2,1,,,,,,,,,,,,,,,
907100072,VSS_星艦上將,DEFAULT,,13,4,-1,,,,,,,,,,,,,,,,,,,,,
907100073,M1014_聖誕,DEFAULT,,5,1,-1,,,,,,,,,-0.4,,-1,,,,,,,,,,
907100074,AK_聖誕,DEFAULT,,6,5,,,,,,,,,,-0.02,,,,,,,-0.1,,,,,
907100075,GROZA_聖誕,DEFAULT,,14,,,-0.015,,,,,,,,0.02,,,,,,,,,,,,
907100076,M14_聖誕,DEFAULT,,11,,,-0.05,,,,,,,,0.02,,,,,,,,,,,,
907100077,MP40新年,DEFAULT,,15,2,2,,,,,,,,,0.02,,,,,,,,,,,,
907100081,SCAR黑白骷髏,DEFAULT,,12,,,-0.012,,,,,,,,,,,,,,,,5,,,,
907100082,UMP黑白骷髏,DEFAULT,,7,,,-0.007,,,,,,,,,,,,,,,,5,,,,
907100083,M14黑白骷髏,DEFAULT,,11,,,-0.03,,,,,,,,,,,,,,,,5,,,,
907100084,M1014_黑白骷髏,DEFAULT,,5,,,-0.04,,,,,,,,,,,,,,,,5,,,,
907100085,MP40_聖誕,DEFAULT,,15,,,-0.008,,,,,,,,0.01,,,,,,,,,,,,
907100086,SPAS12_聖誕,DEFAULT,,29,,,-0.04,,,,,,,,0.2,,,,,,,,,,,,
907100087,M4A1_火焰狼,DEFAULT,,2,,,,,,,,,,,-0.02,,,,,,,,6,,,,
907100088,MP40_火焰狼,DEFAULT,,15,,,,,,,,,,,-0.018,,,,,,,,6,,,,
907100089,SKS_火焰狼,DEFAULT,,18,,,,,,,,,,,-0.03,,,,,,,,6,,,,
907100090,SPAS12_火焰狼,DEFAULT,,29,,,,,,,,,,,-0.2,,,,,,,,6,,,,
907101304,情人節特效Scar,DEFAULT,,12,2,,-0.018,,,,-2,-1,,,,,,,,,,,,,,,
907101305,春節特效MP40,DEFAULT,,15,,,,,,,2,1,,,-0.025,,-0.5,,,,,-0.1,,,,,
907101306,狂歡節特效M4A1,DEFAULT,,2,2,6,0.01,,,,,,,,,,,,,,,,,,,,
907101307,黑客女主題槍AK,DEFAULT,,6,,-2,,,,,,,,,-0.05,,-0.4,,,,,,,,,,
907101308,黑客女主題槍FAMAS,DEFAULT,,24,,-2,,,,,,,,,-0.03,,-0.3,,,,,,,,,,
907101309,黑客女主題槍SPAS12,DEFAULT,,29,,-1,,,,,,,,,-0.3,,-0.6,,,,,,,,,,
907101310,黑客女主題槍SKS,DEFAULT,,18,,-1,,,,,,,,,-0.05,,,,,,,,,,,,
907101311,羅馬兵團主題槍AK,DEFAULT,,6,4,,,,,,,,,,0.025,,,,,,,,,,,,
907101312,羅馬兵團主題槍MP5,DEFAULT,,8,2,,,,,,,,,,0.01,,,,,,,,,,,,
907101313,羅馬兵團主題槍KAR98K,DEFAULT,,21,7,,,,,,,,,,0.02,,,,,,,,,,,,
907101314,羅馬兵團主題槍FAMAS,DEFAULT,,24,4,,,,,,,,,,0.015,,,,,,,,,,,,
907101316,皇金M60特效槍,DEFAULT,,30,,,,,,,,,,,,,,,,,,,,,,,
907101317,紅色MP5槍,DEFAULT,,8,,,,,,,,,,,,,,,,,,,,,,,
907101318,瘟疫醫生SPAS12槍,DEFAULT,,29,,,,,,,,,,,,,,,,,,,,,,,
907101322,情人節特效Scar（弱化版）,DEFAULT,,12,,,-0.018,,,,-2,-1,,,,,,,,,,,,,,,
907101323,春節特效MP40（弱化版）,DEFAULT,,15,,,-0.008,,,,,,,,,,,,,,,-0.1,,,,,
907101324,狂歡節特效M4A1（弱化版）,DEFAULT,,2,,6,0.01,,,,,,,,,,,,,,,,,,,,
907101325,傳奇獅鷲M4A1（弱化版）,DEFAULT,,2,4,-2,,,,,,,,,,,,,,,,,,,,,
907101326,皇金M60特效槍（弱化版）,DEFAULT,,30,,,,,,,,,,,-0.05,,0.5,,,,,-0.1,,,,,
907101403,復活節MP40,DEFAULT,,15,2,-2,,,,,3,4,,,,,,,,,,,,,,,
907101404,血月SCAR,DEFAULT,,12,4,,,,,,2,2,,,0.015,,,,,,,,,,,,
907101405,潑水節AK47,DEFAULT,,6,2,6,,,,,-2,-1,,,,,,,,,,,,,,,
907101406,魔法少女M4A1,DEFAULT,,2,2,,,,,,,,,,-0.035,,,,,,,-0.1,,,,,
907101407,AK武士男主題槍,DEFAULT,,6,,5,0.01,,,,,,,,,,,,,,,,,,,,
907101408,SKS武士男主題槍,DEFAULT,,18,,3,0.02,,,,,,,,,,,,,,,,,,,,
907101409,MP5武士男主題槍,DEFAULT,,8,,6,0.007,,,,,,,,,,,,,,,,,,,,
907101410,SPAS12武士男主題槍,DEFAULT,,29,,1,0.03,,,,,,,,,,,,,,,,,,,,
907101411,SCAR鯊魚主題槍,DEFAULT,,12,,,,,,,,,,,-0.045,,,,,,,-0.1,,,,,
907101412,M1014鯊魚主題槍,DEFAULT,,5,,,,,,,,,,,-0.33,,,,,,,-0.1,,,,,
907101413,FAMAS鯊魚主題槍,DEFAULT,,24,,,,,,,,,,,-0.04,,,,,,,-0.1,,,,,
907101414,VSS鯊魚主題槍,DEFAULT,,13,,,,,,,,,,,-0.05,,,,,,,-0.1,,,,,
907101416,孵化室獨角獸AK---5獎,DEFAULT,,6,,5,,,,,-2,-2,,,,,,,,,,,,,,,
907101417,孵化室獨角獸AK---3獎,DEFAULT,,6,,2,-0.022,,,,-2,-2,,,,,,,,,,,,,,,
907101418,孵化室獨角獸AK---2獎,DEFAULT,,6,2,,,,,,,,,,0.03,,,,,,,0.2,,,,,
907101419,孵化室獨角獸AK---大獎,DEFAULT,,6,5,-2,,,,,,,,,-0.035,,,,,,,,,,,,
907101420,孵化室獨角獸AK---4獎,DEFAULT,,6,2,-2,,,,,4,3,,,,,,,,,,,,,,,
907101421,M4A1_GW主題槍,DEFAULT,,2,4,,,,,,,,,,0.015,,,,,,,,,,,,
907101422,M1014_GW主題槍,DEFAULT,,5,3,,,,,,,,,,0.2,,,,,,,,,,,,
907101423,FAMAS_GW主題槍,DEFAULT,,24,4,,,,,,,,,,0.013,,,,,,,,,,,,
907101424,KAR98K_GW主題槍,DEFAULT,,21,14,,,,,,,,,,,,,,,,,,,,,,
907101425,月卡黃金AK,DEFAULT,,6,,,-0.02,,,,,,,,,,,,,,,-0.1,,,,,
907101429,獅鷲M4A1红,DEFAULT,,2,4,-2,,,,,,,,,-0.015,,,,,,,,,,,,
907101430,獅鷲M4A1蓝,DEFAULT,,2,,,,,,,-2,-2,,,-0.03,,,,,,,0.1,,,,,
907101431,獅鷲M4A1紫,DEFAULT,,2,2,6,,,,,-2,-2,,,,,,,,,,,,,,,
907101315,獅鷲M4A1金,DEFAULT,,2,,,-0.018,,,,2,1,,,,,,,,,,-0.1,,,,,
907101432,復活節MP40（弱化）,DEFAULT,,15,,-2,,,,,3,4,,,,,,,,,,,,,,,
907101433,血月SCAR（弱化）,DEFAULT,,12,,,,,,,4,4,,,0.015,,,,,,,,,,,,
907101434,潑水節AK47（弱化）,DEFAULT,,6,,6,,,,,-2,-2,,,,,,,,,,,,,,,
907101435,魔法少女M4A1（弱化）,DEFAULT,,2,,,,,,,,,,,-0.03,,,,,,,-0.1,,,,,
907101436,孵化室獨角獸AK---3獎（弱化）,DEFAULT,,6,,,-0.02,,,,-2,-2,,,,,,,,,,,,,,,
907101437,孵化室獨角獸AK---2獎（弱化）,DEFAULT,,6,,,,,,,,,,,0.025,,,,,,,0.25,,,,,
907101438,孵化室獨角獸AK---大獎（弱化）,DEFAULT,,6,,-2,,,,,,,,,-0.05,,,,,,,,,,,,
907101439,孵化室獨角獸AK---4獎（弱化）,DEFAULT,,6,,-2,,,,,4,4,,,,,,,,,,,,,,,
907101440,暗影神偷FAMAS特效槍,DEFAULT,,24,2,-2,,,,,,,,,-0.03,,-0.3,,,,,,,,,,
907101441,暗影神偷VSS,DEFAULT,,13,,-1,,,,,,,,,-0.05,,-0.15,,,,,,,,,,
907101445,暗影神偷FAMAS（弱化版）,DEFAULT,,24,,-2,,,,,,,,,-0.03,,-0.3,,,,,,,,,,
907101446,暗影神偷VSS（弱化版）,DEFAULT,,13,,-1,,,,,,,,,-0.05,,-0.15,,,,,,,,,,
907101506,機甲娘特效槍MP40,DEFAULT,,15,3,,,,,,1,1,,,,,,,,,,-0.1,,,,,
907101507,機甲娘特效槍M79,DEFAULT,,23,,1,,,,,,,,,,,,,,,,-0.15,,,,,
907101503,天啟飢餓UMP,DEFAULT,,7,3,-2,,,,,2,1,,,,,,,,,,,,,,,
907101504,天啟死亡M1014,DEFAULT,,5,1,2,,,,,,,,,,,,,,,,-0.055,,,,,
907101505,天啟戰爭AN94,DEFAULT,,33,4,,,,,,,,,,-0.02,,-0.2,,,,,,,,,,
907101508,天啟瘟疫M4A1,DEFAULT,,2,2,,-0.022,,,,-2,-1,,,,,,,,,,,,,,,
907101509,星空靈獸M4A1,DEFAULT,,2,,,,,,,,,,,-0.03,,-0.3,,,,,-0.1,,,,,
907101510,星空靈獸MP5,DEFAULT,,8,,,,,,,,,,,-0.025,,-0.33,,,,,-0.1,,,,,
907101511,星空靈獸SPAS12,DEFAULT,,29,,,,,,,,,,,-0.5,,-1,,,,,-0.1,,,,,
907101512,星空靈獸Kar98,DEFAULT,,21,,,,,,,,,5,,,,,,,,,-0.1,,,,,
907101513,人狼主題AK47,DEFAULT,,6,,-2,-0.02,,,,,,,,,,,,,,,,,,,,
907101514,人狼主題M1014,DEFAULT,,5,,-1,-0.066,,,,,,,,,,,,,,,,,,,,
907101515,人狼主題VSS,DEFAULT,,13,,-2,-0.05,,,,,,,,,,,,,,,,,,,,
907101516,人狼主題MP5,DEFAULT,,8,,-2,-0.008,,,,,,,,,,,,,,,,,,,,
907101517,孵化室SCAR2奖,DEFAULT,,12,2,-2,-0.018,,,,,,,,,,,,,,,,,,,,
907101518,孵化室SCAR4奖,DEFAULT,,12,2,,,,,,5,2,,,,,,,,,,-0.1,,,,,
907101519,孵化室SCAR3奖,DEFAULT,,12,,,-0.01,,,,-2,-1,,,,,,,,,,0.25,,,,,
907101520,孵化室SCAR大奖,DEFAULT,,12,4,,,,,,,,,,-0.03,,-0.3,,,,,-0.1,,,,,
907101521,孵化室SCAR5奖,DEFAULT,,12,,,,,,,-2,-1,,,-0.055,,-0.5,,,,,,,,,,
907101536,機甲娘特效槍MP40弱化,DEFAULT,,15,1,,,,,,1,1,,,,,,,,,,-0.1,,,,,
907101537,機甲娘特效槍M79弱化,DEFAULT,,23,,1,,,,,,,,,,,,,,,,-0.15,,,,,
907101533,天啟飢餓UMP弱化,DEFAULT,,7,,-2,,,,,4,2,,,,,,,,,,,,,,,
907101534,天啟死亡M1014弱化,DEFAULT,,5,,2,,,,,,,,,,,,,,,,-0.055,,,,,
907101535,天啟戰爭AN94弱化,DEFAULT,,33,,,,,,,,,,,-0.04,,-0.4,,,,,,,,,,
907101538,天啟瘟疫M4A1弱化,DEFAULT,,2,2,,-0.015,,,,-2,-1,,,,,,,,,,,,,,,
907101539,星空靈獸M4A1弱化,DEFAULT,,2,,,,,,,,,,,-0.03,,-0.3,,,,,-0.1,,,,,
907101540,星空靈獸MP5弱化,DEFAULT,,8,,,,,,,,,,,-0.025,,-0.33,,,,,-0.1,,,,,
907101541,星空靈獸SPAS12弱化,DEFAULT,,29,,,,,,,,,,,-0.5,,-1,,,,,-0.1,,,,,
907101542,星空靈獸Kar98弱化,DEFAULT,,21,,,,,,,,,5,,,,,,,,,-0.1,,,,,
907101543,人狼主題AK47弱化,DEFAULT,,6,,-2,-0.02,,,,,,,,,,,,,,,,,,,,
907101544,人狼主題M1014弱化,DEFAULT,,5,,-1,-0.066,,,,,,,,,,,,,,,,,,,,
907101545,人狼主題VSS弱化,DEFAULT,,13,,-2,-0.05,,,,,,,,,,,,,,,,,,,,
907101546,人狼主題MP5弱化,DEFAULT,,8,,-2,-0.008,,,,,,,,,,,,,,,,,,,,
907101547,孵化室SCAR2奖弱化,DEFAULT,,12,,-2,-0.018,,,,,,,,,,,,,,,,,,,,
907101548,孵化室SCAR4奖弱化,DEFAULT,,12,,,,,,,5,2,,,,,,,,,,-0.1,,,,,
907101549,孵化室SCAR3奖弱化,DEFAULT,,12,,,,,,,-2,-1,,,,,,,,,,0.25,,,,,
907101550,孵化室SCAR大奖弱化,DEFAULT,,12,2,,,,,,,,,,-0.03,,-0.3,,,,,-0.1,,,,,
907101551,孵化室SCAR5奖弱化,DEFAULT,,12,,,,,,,-2,-1,,,-0.055,,-0.5,,,,,,,,,,
907101610,強質裝甲M1014特效槍强化,DEFAULT,,5,2,,,,,,-1,-1,,,,,,,,,,0.3,,,,,
907101609,強質裝甲UMP特效槍强化,DEFAULT,,7,,8,,,,,,,,,,,,,,,,-0.1,,,,,
907101611,火元素AK47特效槍强化,DEFAULT,,6,5,-2,,,,,3,2,,,,,,,,,,,,,,,
907101612,電元素MP40特效槍强化,DEFAULT,,15,1,5,,,,,,,,,,,,,,,,-0.1,,,,,
907101613,水元素SCAR特效槍强化,DEFAULT,,12,4,,,,,,-2,-1,,,-0.03,,-0.3,,,,,,,,,,
907101614,土元素M4A1特效槍强化,DEFAULT,,2,2,-2,-0.03,,,,,,,,,,,,,,,,,,,,
907101620,Booyah主題槍AN94强化,DEFAULT,,33,,,,,,,,,,,-0.02,,-0.2,3.5,,,,-0.1,,,,,
907101621,Booyah主題槍M14强化,DEFAULT,,11,,,,,,,,,,,-0.02,,-0.3,,,,,-0.1,,,,,
907101622,Booyah主題槍GROZA强化,DEFAULT,,14,,,,,,,,,,,-0.05,,-0.4,,,,,-0.1,,,,,
907101623,Booyah主題槍UMP强化,DEFAULT,,7,,,,,,,,,,,-0.1,,-0.6,,,,,-0.1,,,,,
907101603,怪獸主題槍M60强化,DEFAULT,,30,,-5,-0.025,,,,,,,,,,,,,,,,,,,,
907101604,怪獸主題槍UMP强化,DEFAULT,,7,,-2,-0.013,,,,,,,,,,,,,,,,,,,,
907101605,怪獸主題槍XM8强化,DEFAULT,,28,,-2,-0.025,,,,,,,,,,,,,,,,,,,,
907101606,怪獸主題槍M14强化,DEFAULT,,11,,-1,-0.06,,,,,,,,,,,,,,,,,,,,
907101624,母親節粉紅惡魔主題槍SCAR强化,DEFAULT,,12,,,0.008,,,,,,,,-0.06,,-0.5,,,,,,,,,,
907101625,母親節粉紅惡魔主題槍MP5强化,DEFAULT,,8,,,0.005,,,,,,,,-0.05,,-0.45,,,,,,,,,,
907101626,母親節粉紅惡魔主題槍M60强化,DEFAULT,,30,,,0.01,,,,,,,,-0.05,,-0.5,,,,,,,,,,
907101627,母親節粉紅惡魔主題槍M79强化,DEFAULT,,23,,1,,,,,,,,,,,,,,,,-0.2,,,,,
907101617,黑寡婦FAMAS大奖强化,DEFAULT,,24,5,,,,,,,,,,-0.03,,-0.3,,,,,-0.1,,,,,
907101616,黑寡婦FAMAS二奖强化,DEFAULT,,24,2,-2,-0.015,,,,,,,,,,,,,,,,,,,,
907101618,黑寡婦FAMAS三奖强化,DEFAULT,,24,,,-0.008,,,-1,-2,-2,,,,,,,,,,0.25,,,,,
907101619,黑寡婦FAMAS四奖强化,DEFAULT,,24,2,,,,,5,4,2,,,,,,,,,,-0.1,,,,,
907101615,黑寡婦FAMAS五奖强化,DEFAULT,,24,,,,,,,-2,-2,,,-0.05,,-0.5,,,,,,,,,,
907201610,強質裝甲M1014特效槍弱化,DEFAULT,,5,,,,,,,-1,-1,,,,,,,,,,0.3,,,,,
907201609,強質裝甲UMP特效槍弱化,DEFAULT,,7,,8,,,,,,,,,,,,,,,,-0.1,,,,,
907201611,火元素AK47特效槍弱化,DEFAULT,,6,2,-2,,,,,3,2,,,,,,,,,,,,,,,
907201612,電元素MP40特效槍弱化,DEFAULT,,15,1,2,,,,,,,,,,,,,,,,-0.1,,,,,
907201613,水元素SCAR特效槍弱化,DEFAULT,,12,,,,,,,-2,-1,,,-0.06,,-0.5,,,,,,,,,,
907201614,土元素M4A1特效槍弱化,DEFAULT,,2,,-2,-0.03,,,,,,,,,,,,,,,,,,,,
907201620,Booyah主題槍AN94弱化,DEFAULT,,33,,,,,,,,,,,-0.02,,-0.2,3.5,,,,-0.1,,,,,
907201621,Booyah主題槍M14弱化,DEFAULT,,11,,,,,,,,,,,-0.02,,-0.3,,,,,-0.1,,,,,
907201622,Booyah主題槍GROZA弱化,DEFAULT,,14,,,,,,,,,,,-0.05,,-0.4,,,,,-0.1,,,,,
907201623,Booyah主題槍UMP弱化,DEFAULT,,7,,,,,,,,,,,-0.1,,-0.6,,,,,-0.1,,,,,
907201603,怪獸主題槍M60弱化,DEFAULT,,30,,-5,-0.025,,,,,,,,,,,,,,,,,,,,
907201604,怪獸主題槍UMP弱化,DEFAULT,,7,,-2,-0.013,,,,,,,,,,,,,,,,,,,,
907201605,怪獸主題槍XM8弱化,DEFAULT,,28,,-2,-0.025,,,,,,,,,,,,,,,,,,,,
907201606,怪獸主題槍M14弱化,DEFAULT,,11,,-1,-0.06,,,,,,,,,,,,,,,,,,,,
907201624,母親節粉紅惡魔主題槍SCAR弱化,DEFAULT,,12,,,0.008,,,,,,,,-0.06,,-0.5,,,,,,,,,,
907201625,母親節粉紅惡魔主題槍MP5弱化,DEFAULT,,8,,,0.005,,,,,,,,-0.05,,-0.45,,,,,,,,,,
907201626,母親節粉紅惡魔主題槍M60弱化,DEFAULT,,30,,,0.01,,,,,,,,-0.05,,-0.5,,,,,,,,,,
907201627,母親節粉紅惡魔主題槍M79弱化,DEFAULT,,23,,1,,,,,,,,,,,,,,,,-0.2,,,,,
907201617,黑寡婦FAMAS大奖弱化,DEFAULT,,24,2,,,,,,,,,,-0.03,,-0.3,,,,,-0.1,,,,,
907201616,黑寡婦FAMAS二奖弱化,DEFAULT,,24,2,-2,-0.008,,,,,,,,,,,,,,,,,,,,
907201618,黑寡婦FAMAS三奖弱化,DEFAULT,,24,,,,,,-1,-2,-2,,,,,,,,,,0.25,,,,,
907201619,黑寡婦FAMAS四奖弱化,DEFAULT,,24,,,,,,5,4,2,,,,,,,,,,-0.1,,,,,
907201615,黑寡婦FAMAS五奖弱化,DEFAULT,,24,,,,,,,-2,-2,,,-0.05,,-0.5,,,,,,,,,,
907101703,火線刺客SCAR特效槍强化,DEFAULT,,12,2,-2,,,,,,,,,-0.055,,-0.5,,,,,,,,,,
907101704,火線刺客SKS特效槍强化,DEFAULT,,18,,-1,,,,,,,6,,,,,,,,,,,,,,
907101705,吸血鬼FAMAS特效槍强化,DEFAULT,,24,5,2,,,,-1,,,,,,,,,,,,,,,,,
907101706,吸血鬼MP5特效槍强化,DEFAULT,,8,3,,,,,-1,,,,,,,,,,,,,,,,,
907101709,鐵血戰士AK47特效槍强化,DEFAULT,,6,,,-0.015,,,,,,,,-0.035,,,,,,,-0.1,,,,,
907101710,鐵血戰士SPAS12特效槍强化,DEFAULT,,29,,,,,,,,,,,-0.4,,-0.2,,,,,-0.15,,,,,
907101720,小丑MP40特效槍强化,DEFAULT,,15,,4,-0.008,,,-1.5,,,,,,,,,,,,,,,,,
907101721,小丑XM8特效槍强化,DEFAULT,,28,,5,,,,-2,,,,,,,,,,,,,,,,,
907101707,陰陽P90特效槍强化,DEFAULT,,32,3,-4,,,,,,,,,,,,,,,,0.1,,,,,
907101708,陰陽CG15特效槍强化,DEFAULT,,35,3,-2,,,,,,,,,,,,,,,,,,,,,
907101722,人造女主題M4A1槍强化,DEFAULT,,2,,6,,,,,,,,,,,,,,,,-0.1,,,,,
907101723,人造女主題M79槍强化,DEFAULT,,23,,1,,,,,,,,,,,,,,,,-0.15,,,,,
907101724,人造女主題M1014槍强化,DEFAULT,,5,,2,,,,,,,,,,,,,,,,-0.1,,,,,
907101725,人造女主題SVD槍强化,DEFAULT,,26,,2,,,,,,,,,,,,,,,,-0.1,,,,,
907101716,花花公子主題SCAR槍强化,DEFAULT,,12,,-2,-0.018,,,,,,,,,,,,,,,,,,,,
907101717,花花公子主題AWM槍强化,DEFAULT,,4,,-1,-0.055,,,,,,,,,,,,,,,,,,,,
907101718,花花公子主題MP5槍强化,DEFAULT,,8,,-2,-0.01,,,,,,,,,,,,,,,,,,,,
907101719,花花公子主題P90槍强化,DEFAULT,,32,,-4,-0.01,,,,,,,,,,,,,,,,,,,,
907201703,火線刺客SCAR特效槍弱化,DEFAULT,,12,,-2,,,,,,,,,-0.055,,-0.5,,,,,,,,,,
907201704,火線刺客SKS特效槍弱化,DEFAULT,,18,,-1,,,,,,,6,,,,,,,,,,,,,,
907201705,吸血鬼FAMAS特效槍弱化,DEFAULT,,24,,4,,,,-1,,,,,,,,,,,,,,,,,
907201706,吸血鬼MP5特效槍弱化,DEFAULT,,8,,4,,,,-1.5,,,,,,,,,,,,,,,,,
907201709,鐵血戰士AK47特效槍弱化,DEFAULT,,6,,,-0.01,,,,,,,,-0.035,,,,,,,-0.1,,,,,
907201710,鐵血戰士SPAS12特效槍弱化,DEFAULT,,29,,,,,,,,,,,-0.08,,,,,,,-0.15,,,,,
907201720,小丑MP40特效槍弱化,DEFAULT,,15,,2,-0.01,,,-1.5,,,,,,,,,,,,,,,,,
907201721,小丑XM8特效槍弱化,DEFAULT,,28,,,-0.009,,,-1,,,,,,,,,,,,,,,,,
907201707,陰陽P90特效槍弱化,DEFAULT,,32,,-4,,,,,,,,,,,,,,,,0.2,,,,,
907201708,陰陽CG15特效槍弱化,DEFAULT,,35,,-2,,,,,,,,,,,,,,,,0.1,,,,,
907201722,人造女主題M4A1槍弱化,DEFAULT,,2,,6,,,,,,,,,,,,,,,,-0.1,,,,,
907201723,人造女主題M79槍弱化,DEFAULT,,23,,1,,,,,,,,,,,,,,,,-0.15,,,,,
907201724,人造女主題M1014槍弱化,DEFAULT,,5,,2,,,,,,,,,,,,,,,,-0.1,,,,,
907201725,人造女主題SVD槍弱化,DEFAULT,,26,,2,,,,,,,,,,,,,,,,-0.1,,,,,
907201716,花花公子主題SCAR槍弱化,DEFAULT,,12,,-2,-0.018,,,,,,,,,,,,,,,,,,,,
907201717,花花公子主題AWM槍弱化,DEFAULT,,4,,-1,-0.055,,,,,,,,,,,,,,,,,,,,
907201718,花花公子主題MP5槍弱化,DEFAULT,,8,,-2,-0.008,,,,,,,,,,,,,,,,,,,,
907201719,花花公子主題P90槍弱化,DEFAULT,,32,,-4,-0.01,,,,,,,,,,,,,,,,,,,,
907101806,万圣节南瓜槍AK47强化,DEFAULT,,6,,,-0.01,,,-3,,,,,-0.05,,-0.5,,,,,,,,,,
907101807,万圣节南瓜槍M60强化,DEFAULT,,30,,,,,,-2,,,,,-0.05,,-0.5,,,,,,,,,,
907101815,灵能战队槍FAMAS强化,DEFAULT,,24,,,-0.015,,,,,,,,0.02,,,,,,,0.15,,,,,
907101816,灵能战队槍KAR98强化,DEFAULT,,21,,,,,,,-2,,,,,,,,,,,0.3,,,,,
907101817,艺伎主题槍UMP强化,DEFAULT,,7,1,,-0.016,,,,,,,,0.02,,,,,,,,,,,,
907101818,艺伎主题槍AN94强化,DEFAULT,,33,,,-0.03,,,,,,,,0.015,,,,,,,,,,,,
907101821,孵化室关节人偶主题槍M60强化,DEFAULT,,30,,,-0.025,,,3,,,,,,,,,,,,-0.1,,,,,
907101822,孵化室关节人偶主题槍SPAS12强化,DEFAULT,,29,,,-0.04,,,,,,,,,,,,,,,-0.1,,,,,
907101819,巴西玩家投稿火骷髅主题槍M4A1强化,DEFAULT,,2,4,2,,,,,,,,,0.01,,,,,,,,,,,,
907101820,巴西玩家投稿火骷髅主题槍SKS强化,DEFAULT,,18,,3,,,,,,-2,,,,,,,,,,,,,,,
907101801,猎头者主题槍AK47强化,DEFAULT,,6,5,,,,,-3,,,,,,,,,,,,0.1,,,,,
907101802,猎头者主题槍SPAS12强化,DEFAULT,,29,,,,,,-1,,,,,,,,,,,,0.1,,,,,
907101808,万圣节蝙蝠主题枪XM8强化,DEFAULT,,28,2,,,,,-2,,,,,-0.03,,-0.3,,,,,,,,,,
907101809,万圣节蝙蝠主题枪M79强化,DEFAULT,,23,,1,-0.1,,,,,,,,,,,,,,,-0.1,,,,,
907101810,万圣节蝙蝠主题枪M4A1强化,DEFAULT,,2,2,,,,,-2,,,,,-0.03,,-0.3,,,,,,,,,,
907101811,万圣节蝙蝠主题枪SPAS12强化,DEFAULT,,29,2,,,,,-1,,,,,-0.4,,,,,,,,,,,,
907101823,特殊角色女工程师主题枪MP40强化,DEFAULT,,15,,2,,,,,,,,,-0.018,,,,,,,-0.1,,,,,
907101824,特殊角色女工程师主题枪AN94强化,DEFAULT,,33,,4,,,,,,,,,-0.03,,-0.3,,,,,-0.15,,,,,
907101825,特殊角色女工程师主题枪XM8强化,DEFAULT,,28,,3,,,,,,,,,-0.03,,-0.3,,,,,-0.15,,,,,
907101826,特殊角色女工程师主题枪CG15强化,DEFAULT,,35,,2,,,,,,,,,-0.02,,-0.2,,,,,-0.1,,,,,
907201806,万圣节南瓜槍AK47弱化,DEFAULT,,6,,,-0.01,,,-3,,,,,-0.035,,-0.35,,,,,,,,,,
907201807,万圣节南瓜槍M60弱化,DEFAULT,,30,,,,,,-2,,,,,-0.05,,-0.5,,,,,,,,,,
907201815,灵能战队槍FAMAS弱化,DEFAULT,,24,,,-0.008,,,,,,,,0.02,,,,,,,,,,,,
907201816,灵能战队槍KAR98弱化,DEFAULT,,21,,,,,,,-2,,,,,,,,,,,,,,,,
907201817,艺伎主题槍UMP弱化,DEFAULT,,7,1,,-0.009,,,,,,,,0.02,,,,,,,,,,,,
907201818,艺伎主题槍AN94弱化,DEFAULT,,33,,,-0.03,,,,,,,,0.015,,,,,,,,,,,,
907201821,孵化室关节人偶主题槍M60弱化,DEFAULT,,30,,,-0.015,,,3,2,1,,,,,,,,,,-0.1,,,,,
907201822,孵化室关节人偶主题槍SPAS12弱化,DEFAULT,,29,,,-0.04,,,,,,,,,,,,,,,-0.1,,,,,
907201819,巴西玩家投稿火骷髅主题槍M4A1弱化,DEFAULT,,2,2,2,,,,,,,,,0.01,,,,,,,,,,,,
907201820,巴西玩家投稿火骷髅主题槍SKS弱化,DEFAULT,,18,,3,,,,,,-2,,,,,,,,,,,,,,,
907201801,猎头者主题槍AK47弱化,DEFAULT,,6,2,,,,,-3,-2,-1,,,,,,,,,,0.1,,,,,
907201802,猎头者主题槍SPAS12弱化,DEFAULT,,29,,,,,,-1,-1,-1,,,,,,,,,,0.1,,,,,
907201808,万圣节蝙蝠主题枪XM8弱化,DEFAULT,,28,2,,,,,-2,-2,-1,,,-0.03,,-0.3,,,,,,,,,,
907201809,万圣节蝙蝠主题枪M79弱化,DEFAULT,,23,,1,-0.1,,,,,,,,,,,,,,,-0.1,,,,,
907201810,万圣节蝙蝠主题枪M4A1弱化,DEFAULT,,2,2,,,,,-2,-2,-1,,,-0.03,,-0.3,,,,,,,,,,
907201811,万圣节蝙蝠主题枪SPAS12弱化,DEFAULT,,29,2,,,,,-1,,,,,-0.4,,,,,,,,,,,,
907201823,特殊角色女工程师主题枪MP40弱化,DEFAULT,,15,,2,,,,,,,,,-0.018,,,,,,,-0.1,,,,,
907201824,特殊角色女工程师主题枪AN94弱化,DEFAULT,,33,,4,,,,,,,,,-0.03,,-0.3,,,,,-0.15,,,,,
907201825,特殊角色女工程师主题枪XM8弱化,DEFAULT,,28,,3,,,,,,,,,-0.03,,-0.3,,,,,-0.15,,,,,
907201826,特殊角色女工程师主题枪CG15弱化,DEFAULT,,35,,2,,,,,,,,,-0.02,,-0.2,,,,,-0.1,,,,,
907101906,孵化室杀人游乐园MP40强化,DEFAULT,,15,1,,,,,,,,,,-0.025,,-0.35,,,,,-0.1,,,,,
907101907,孵化室杀人游乐园AN94强化,DEFAULT,,33,2,,,,,,,,,,-0.02,,-0.2,,,,,-0.1,,,,,
907101912,孵化室涂鸦Groza强化,DEFAULT,,14,,-2,-0.01,,,5,4,2,,,,,,,,,,,,,,,
907101913,孵化室涂鸦AWM强化,DEFAULT,,4,,1,,,,-3,-2,-1,,,,,,,,,,0.1,,,,,
907101908,春节SCAR强化,DEFAULT,,12,2,-2,,,,5,4,2,,,,,,,,,,,,,,,
907101909,春节XM8强化,DEFAULT,,28,,,0.006,,,3,2,1,,,-0.02,,,,,,,,,,,,
907101910,圣诞大兵M60强化,DEFAULT,,30,,-5,-0.015,,,5,4,2,,,,,,,,,,,,,,,
907101911,圣诞大兵SPAS12强化,DEFAULT,,29,,-1,-0.04,,,3,1,1,,,,,,,,,,,,,,,
907101917,陷阱说唱FAMAS强化,DEFAULT,,24,2,,,,,5,4,2,,,,,,,,,,-0.1,,,,,
907101918,陷阱说唱P90强化,DEFAULT,,32,,,,,,4,3,2,,,,,,,,,,-0.1,,,,,
907101919,特殊角色爆破专家男枪MGL140强化,DEFAULT,,31,,2,0.04,,,,,,,,,,,,,,,,,,,,
907101920,特殊角色爆破专家男枪M79强化,DEFAULT,,23,,1,0.1,,,,,,,,,,,,,,,,,,,,
907101921,特殊角色爆破专家男枪MP5强化,DEFAULT,,8,,2,-0.008,,,-1,-1,-1,,,,,,,,,,,,,,,
907101922,特殊角色爆破专家男枪M1014强化,DEFAULT,,5,,1,-0.04,,,-1,,,,,,,,,,,,,,,,,
907101923,特殊角色假小子枪FAMAS强化,DEFAULT,,24,,2,,,,,,,,,-0.02,,-0.2,,,,,-0.1,,,,,
907101924,特殊角色假小子枪VSS强化,DEFAULT,,13,,2,,,,,,,,,-0.035,,-0.15,,,,,-0.15,,,,,
907101925,特殊角色假小子枪SVD强化,DEFAULT,,26,,2,,,,,,,,,-0.02,,-0.2,,,,,-0.15,,,,,
907101926,特殊角色假小子枪M14强化,DEFAULT,,11,,2,,,,,,,,,-0.02,,-0.2,,,,,-0.1,,,,,
907201906,孵化室杀人游乐园MP40弱化,DEFAULT,,15,,,,,,,,,,,-0.025,,-0.35,,,,,-0.1,,,,,
907201907,孵化室杀人游乐园AN94弱化,DEFAULT,,33,2,,,,,,,,,,-0.02,,-0.2,,,,,-0.1,,,,,
907201912,孵化室涂鸦Groza弱化,DEFAULT,,14,,-2,-0.01,,,5,4,2,,,,,,,,,,,,,,,
907201913,孵化室涂鸦AWM弱化,DEFAULT,,4,,1,,,,-5,-5,-5,,,,,,,,,,0.1,,,,,
907201908,春节SCAR弱化,DEFAULT,,12,2,-2,,,,3,2,1,,,,,,,,,,,,,,,
907201909,春节XM8弱化,DEFAULT,,28,,,0.006,,,3,2,1,,,-0.02,,,,,,,,,,,,
907201910,圣诞大兵M60弱化,DEFAULT,,30,,-5,,,,5,4,2,,,,,,,,,,,,,,,
907201911,圣诞大兵SPAS12弱化,DEFAULT,,29,,-1,-0.04,,,3,2,1,,,,,,,,,,,,,,,
907201917,陷阱说唱FAMAS弱化,DEFAULT,,24,,,,,,5,4,2,,,,,,,,,,-0.1,,,,,
907201918,陷阱说唱P90弱化,DEFAULT,,32,,,,,,4,3,2,,,,,,,,,,-0.1,,,,,
907201919,特殊角色爆破专家男枪MGL140弱化,DEFAULT,,31,,2,0.04,,,,,,,,,,,,,,,,,,,,
907201920,特殊角色爆破专家男枪M79弱化,DEFAULT,,23,,1,0.1,,,,,,,,,,,,,,,,,,,,
907201921,特殊角色爆破专家男枪MP5弱化,DEFAULT,,8,,2,-0.008,,,-1,-1,-1,,,,,,,,,,,,,,,
907201922,特殊角色爆破专家男枪M1014弱化,DEFAULT,,5,,1,-0.04,,,-1,,,,,,,,,,,,,,,,,
907201923,特殊角色假小子枪FAMAS弱化,DEFAULT,,24,,2,,,,,,,,,-0.02,,-0.2,,,,,-0.1,,,,,
907201924,特殊角色假小子枪VSS弱化,DEFAULT,,13,,2,,,,,,,,,-0.035,,-0.15,,,,,-0.15,,,,,
907201925,特殊角色假小子枪SVD弱化,DEFAULT,,26,,2,,,,,,,,,-0.02,,-0.2,,,,,-0.15,,,,,
907201926,特殊角色假小子枪M14弱化,DEFAULT,,11,,2,,,,,,,,,-0.02,,-0.2,,,,,-0.1,,,,,
907111316,皇金M60特效槍(新ID),DEFAULT,,30,,,,,,,4,3,,,,,,,,,,-0.1,,,,,
907111317,紅色MP5槍(新ID),DEFAULT,,8,,,,,,,-1,-1,,,-0.02,,-0.2,,,,,,,,,,
907111318,瘟疫醫生SPAS12槍(新ID),DEFAULT,,29,,,-0.04,,,,,,,,,,,,,,,-0.1,,,,,
907102009,孵化室金属脑壳主题AN94强化,DEFAULT,,33,4,-2,,,,,,,,,-0.02,,-0.2,,,,,,,,,,
907102010,孵化室金属脑壳主题UMP强化,DEFAULT,,7,,,-0.008,,,,,,,,-0.015,,-0.3,,,,,-0.1,,,,,
907102011,恶土恶徒主题M1014强化,DEFAULT,,5,1,,0.02,,,4,2,2,,,,,,,,,,,,,,,
907102012,恶土恶徒主题SPAS12强化,DEFAULT,,29,,,,,,2,1,1,,,0.2,,0.4,,,,,0.1,,,,,
907102013,剑道士兵主题武士刀强化,DEFAULT,,34,,,,,,,,,,,,,,,,,,,,,,,
907102014,恶骨小队主题P90强化,DEFAULT,,32,1,,-0.015,,,,,,,,,,,,,,,-0.1,,,,,
907102015,恶骨小队主题XM8强化,DEFAULT,,28,,,-0.015,,,,,,,,0.015,,,,,,,0.1,,,,,
907102016,情人节主题AK47强化,DEFAULT,,6,2,-2,,,,,,,,,-0.06,,-0.32,,,,,,,,,,
907102017,情人节主题AWM强化,DEFAULT,,4,,-1,-0.045,,,,,,,,,,,,,,,0.15,,,,,
907102001,粉色扑克之夜MP40主题枪械强化,DEFAULT,,15,1,-1,,,,,,,,,-0.025,,-0.3,,,,,,,,,,
907102002,绿色扑克之夜MP40主题枪械强化,DEFAULT,,15,2,,,,,3,2,2,,,,,,,,,,-0.1,,,,,
907102003,金色扑克之夜MP40主题枪械强化,DEFAULT,,15,2,,-0.009,,,-2,-2,-1,,,,,,,,,,,,,,,
907102004,深蓝色扑克之夜MP40主题枪械强化,DEFAULT,,15,,4,-0.009,,,-2,-2,-1,,,,,,,,,,,,,,,
907102018,特殊角色跑酷男主题AK47强化,DEFAULT,,6,,-2,-0.012,,,,,,,,,,,,,,,0.15,,,,,
907102019,特殊角色跑酷男主题CG15强化,DEFAULT,,35,,2,-0.011,,,,,,,,,,,,,,,-0.1,,,,,
907102020,特殊角色跑酷男主题SPAS12强化,DEFAULT,,29,,,-0.035,,,-1.5,,-1,,,,,,,,,,0.18,,,,,
907102021,特殊角色跑酷男主题SKS强化,DEFAULT,,18,,-1,-0.06,,,,,,,,,,,,,,,,,,,,
907102022,特殊角色涂鸦女主题M4A1强化,DEFAULT,,2,,-2,-0.03,,,,,,,,,,,,,,,,,,,,
907102023,特殊角色涂鸦女主题M14强化,DEFAULT,,11,4,,,,,,,,,,-0.025,,-0.125,,,,,-0.1,,,,,
907102024,特殊角色涂鸦女主题AWM强化,DEFAULT,,4,13,1,,,,-1,,-5,,,,,,,,,,,,,,,
907102025,特殊角色涂鸦女主题VSS强化,DEFAULT,,13,,,-0.055,,,-3,,-2,,,,,,,,,,,,,,,
907202009,孵化室金属脑壳主题AN94弱化,DEFAULT,,33,4,-2,,,,,,,,,,,,,,,,,,,,,
907202010,孵化室金属脑壳主题UMP弱化,DEFAULT,,7,,,-0.008,,,,,,,,-0.015,,-0.3,,,,,-0.1,,,,,
907202011,恶土恶徒主题M1014弱化,DEFAULT,,5,1,,0.02,,,2,2,1,,,,,,,,,,,,,,,
907202012,恶土恶徒主题SPAS12弱化,DEFAULT,,29,,,,,,2,1,1,,,0.2,,0.4,,,,,0.1,,,,,
907202013,剑道士兵主题武士刀弱化,DEFAULT,,34,,,,,,,,,,,,,,,,,,,,,,,
907202014,恶骨小队主题P90弱化,DEFAULT,,32,1,,-0.009,,,,,,,,,,,,,,,-0.1,,,,,
907202015,恶骨小队主题XM8弱化,DEFAULT,,28,,,-0.015,,,,,,,,0.015,,,,,,,0.1,,,,,
907202016,情人节主题AK47弱化,DEFAULT,,6,2,-2,,,,,,,,,-0.035,,-0.35,,,,,,,,,,
907202017,情人节主题AWM弱化,DEFAULT,,4,,-1,-0.045,,,,,,,,,,,,,,,0.15,,,,,
907202001,粉色扑克之夜MP40主题枪械弱化,DEFAULT,,15,1,-1,,,,,,,,,-0.015,,-0.3,,,,,,,,,,
907202002,绿色扑克之夜MP40主题枪械弱化,DEFAULT,,15,1,,,,,3,2,2,,,,,,,,,,-0.1,,,,,
907202003,金色扑克之夜MP40主题枪械弱化,DEFAULT,,15,1,,-0.009,,,-2,-2,-1,,,,,,,,,,,,,,,
907202004,深蓝色扑克之夜MP40主题枪械弱化,DEFAULT,,15,,2,-0.009,,,-2,-2,-1,,,,,,,,,,,,,,,
907202018,特殊角色跑酷男主题AK47弱化,DEFAULT,,6,,-2,-0.012,,,,,,,,,,,,,,,0.15,,,,,
907202019,特殊角色跑酷男主题CG15弱化,DEFAULT,,35,,2,-0.011,,,,,,,,,,,,,,,-0.1,,,,,
907202020,特殊角色跑酷男主题SPAS12弱化,DEFAULT,,29,,,-0.035,,,-1.5,,-1,,,,,,,,,,0.18,,,,,
907202021,特殊角色跑酷男主题SKS弱化,DEFAULT,,18,,-1,-0.06,,,,,,,,,,,,,,,,,,,,
907202022,特殊角色涂鸦女主题M4A1弱化,DEFAULT,,2,,-2,-0.03,,,,,,,,,,,,,,,,,,,,
907202023,特殊角色涂鸦女主题M14弱化,DEFAULT,,11,4,,,,,,,,,,-0.025,,-0.125,,,,,-0.1,,,,,
907202024,特殊角色涂鸦女主题AWM弱化,DEFAULT,,4,13,1,,,,-1,,-5,,,,,,,,,,,,,,,
907202025,特殊角色涂鸦女主题VSS弱化,DEFAULT,,13,,,-0.055,,,-3,,-2,,,,,,,,,,,,,,,
907102107,BunnyM79,DEFAULT,,23,,1,,,,,2,4,,,,,,,,,,-0.1,,,,,
907102108,BunnyMP5,DEFAULT,,8,,,-0.008,,,-2,-1,-1,,,-0.02,,-0.1,,,,,,,,,,
907102109,SongkranXM8,DEFAULT,,28,3,-2,,,,,2,2,,,,,,,,,,,,,,,
907102110,SongkranSPAS12,DEFAULT,,29,1,,0.02,,,2,1,1,,,,,,,,,,,,,,,
907102111,Spine PunkAN94,DEFAULT,,33,,-2,-0.022,,,,2,2,,,,,,,,,,,,,,,
907102112,Spine PunkM249,DEFAULT,,19,,,-0.015,,,,-2,-1,,,-0.035,,-0.14,,,,,,,,,,
907102123,DtacM1887,DEFAULT,,41,1,,,,,-3,,,,,-0.05,,,,,,,,,,,,
907102118,Kapella theme boxFAMAS,DEFAULT,,24,,2,,,,,3,2,,,,,,,,,,-0.1,,,,,
907102119,Kapella theme boxUMP,DEFAULT,,7,,,-0.013,,,-1,-2,-1,,,,,,,,,,,,,,,
907102120,Kapella theme boxMGL140,DEFAULT,,31,,,0.04,,,4,4,3,,,,,,,,,,,,,,,
907102121,Kapella theme boxKAR98,DEFAULT,,21,,,-0.13,,,,,-2,,,,,,,,,,0.1,,,,,
907202107,BunnyM79,DEFAULT,,23,,1,,,,,1,2,,,,,,,,,,-0.1,,,,,
907202108,BunnyMP5,DEFAULT,,8,,,-0.008,,,-2,-1,-1,,,-0.02,,-0.1,,,,,,,,,,
907202109,SongkranXM8,DEFAULT,,28,3,-2,,,,,,,,,,,,,,,,,,,,,
907202110,SongkranSPAS12,DEFAULT,,29,1,,0.02,,,2,1,1,,,,,,,,,,,,,,,
907202111,Spine PunkAN94,DEFAULT,,33,,-2,-0.022,,,,,,,,,,,,,,,,,,,,
907202112,Spine PunkM249,DEFAULT,,19,,,-0.015,,,,-2,-1,,,-0.035,,-0.14,,,,,,,,,,
907202123,DtacM1887,DEFAULT,,41,1,,,,,-3,,,,,-0.05,,,,,,,,,,,,
907202118,Kapella theme boxFAMAS,DEFAULT,,24,,2,,,,,3,2,,,,,,,,,,-0.1,,,,,
907202119,Kapella theme boxUMP,DEFAULT,,7,,,-0.013,,,-1,-2,-1,,,,,,,,,,,,,,,
907202120,Kapella theme boxMGL140,DEFAULT,,31,,,0.04,,,4,4,3,,,,,,,,,,,,,,,
907202121,Kapella theme boxKAR98,DEFAULT,,21,,,-0.13,,,,,-2,,,,,,,,,,0.1,,,,,
907102210,战争学院主题枪械P90,DEFAULT,,32,3,-4,,,,,2,1,,,,,,,,,,,,,,,
907102211,战争学院主题枪械Kar98,DEFAULT,,21,,1,-0.135,,,,,,,,,,,,,,,-0.1,,,,,
907102228,孵化室产出天启主题枪械M1014 红,DEFAULT,,5,,-1,-0.072,,,,,,,,,,,,,,,0.15,,,,,
907102231,孵化室产出天启主题枪械M1014 金,DEFAULT,,5,2,,,,,2,1,,,,0.1,,,,,,,,,,,,
907102230,孵化室产出天启主题枪械M1014 绿,DEFAULT,,5,,,-0.03,,,3,2,,,,,,,,,,,-0.1,,,,,
907102229,孵化室产出天启主题枪械M1014 银,DEFAULT,,5,1,2,,,,,,,,,,,,,,,,-0.15,,,,,
907102212,修行者主题枪械Scar,DEFAULT,,12,,,-0.019,,,2,1,2,,,0.018,,,,,,,,,,,,
907102213,修行者主题枪械SPAS12,DEFAULT,,29,,1,-0.038,,,,,,,,,,,,,,,-0.1,,,,,
907102214,夏日水泡船长主题枪械M60,DEFAULT,,30,2,,,,,2,4,3,,,,,,,,,,-0.15,,,,,
907102215,夏日水泡船长主题枪械M249,DEFAULT,,19,,,-0.009,,,-2,,-1,,,,,,,,,,0.1,,,,,
907102217,燕尾蝶主题枪械AWM,DEFAULT,,4,,1,-0.18,,,,,,,,,,,,,,,-0.1,,,,,
907102218,燕尾蝶主题枪械SKS,DEFAULT,,18,,,,,,,,,,,-0.028,,,,,,,-0.1,,,,,
907102220,主播男主题换皮枪械XM8,DEFAULT,,28,,2,,,,,2,1,,,0.013,,,,,,,,,,,,
907102221,主播男主题换皮枪械AN94,DEFAULT,,33,,,,,,,2,3,,,0.015,,,,,,,,,,,,
907102222,主播男主题换皮枪械M1014,DEFAULT,,5,,,,,,,,,,,0.08,,,,,,,0.2,,,,,
907102223,主播男主题换皮枪械M14,DEFAULT,,11,3,-1,,,,2,1,2,,,,,,,,,,,,,,,
907102224,侦探女主题换皮枪械FAMAS,DEFAULT,,24,,,-0.015,,,-1,-2,,,,,,,,,,,,,,,,
907102225,侦探女主题换皮枪械UMP,DEFAULT,,7,,,,,,,-2,,,,-0.035,,,,,,,,,,,,
907102226,侦探女主题换皮枪械VSS,DEFAULT,,13,2,-1,,,,,,,,,-0.02,,,,,,,,,,,,
907102227,侦探女主题换皮枪械AK47,DEFAULT,,6,,,,,,,2,2,,,-0.025,,,,,,,-0.1,,,,,
907102232,排位赛黄金沙鹰Eagle,DEFAULT,,9,,1,,,,,,,,,,,,,,,,-0.1,,,,,
907202210,战争学院主题枪械P90,DEFAULT,,32,1,-4,,,,,2,1,,,,,,,,,,,,,,,
907202211,战争学院主题枪械Kar98,DEFAULT,,21,,1,-0.135,,,,,,,,,,,,,,,-0.1,,,,,
907202228,孵化室产出天启主题枪械M1014 红,DEFAULT,,5,,-1,-0.072,,,,,,,,,,,,,,,0.15,,,,,
907202231,孵化室产出天启主题枪械M1014 金,DEFAULT,,5,2,,,,,2,1,,,,0.1,,,,,,,,,,,,
907202230,孵化室产出天启主题枪械M1014 绿,DEFAULT,,5,,,-0.03,,,3,2,,,,,,,,,,,-0.1,,,,,
907202229,孵化室产出天启主题枪械M1014 银,DEFAULT,,5,1,2,,,,,,,,,,,,,,,,-0.15,,,,,
907202212,修行者主题枪械Scar,DEFAULT,,12,,,-0.012,,,2,1,2,,,0.018,,,,,,,,,,,,
907202213,修行者主题枪械SPAS12,DEFAULT,,29,,1,-0.038,,,,,,,,,,,,,,,-0.1,,,,,
907202214,夏日水泡船长主题枪械M60,DEFAULT,,30,2,,,,,2,2,1,,,,,,,,,,-0.15,,,,,
907202215,夏日水泡船长主题枪械M249,DEFAULT,,19,,,-0.009,,,-2,,-1,,,,,,,,,,0.1,,,,,
907202217,燕尾蝶主题枪械AWM,DEFAULT,,4,,1,-0.14,,,,,,,,,,,,,,,-0.1,,,,,
907202218,燕尾蝶主题枪械SKS,DEFAULT,,18,,,,,,,,,,,-0.028,,,,,,,-0.1,,,,,
907202220,主播男主题换皮枪械XM8,DEFAULT,,28,,2,,,,,2,1,,,0.013,,,,,,,,,,,,
907202221,主播男主题换皮枪械AN94,DEFAULT,,33,,,,,,,2,3,,,0.015,,,,,,,,,,,,
907202222,主播男主题换皮枪械M1014,DEFAULT,,5,,,,,,,,,,,0.08,,,,,,,0.2,,,,,
907202223,主播男主题换皮枪械M14,DEFAULT,,11,3,-1,,,,2,1,2,,,,,,,,,,,,,,,
907202224,侦探女主题换皮枪械FAMAS,DEFAULT,,24,,,-0.015,,,-1,-2,,,,,,,,,,,,,,,,
907202225,侦探女主题换皮枪械UMP,DEFAULT,,7,,,,,,,-2,,,,-0.035,,,,,,,,,,,,
907202226,侦探女主题换皮枪械VSS,DEFAULT,,13,2,-1,,,,,,,,,-0.02,,,,,,,,,,,,
907202227,侦探女主题换皮枪械AK47,DEFAULT,,6,,,,,,,2,2,,,-0.025,,,,,,,-0.1,,,,,
907202232,排位赛黄金沙鹰Eagle,DEFAULT,,9,,1,,,,,,,,,,,,,,,,-0.1,,,,,
907102321,CS模式专属黄金枪G18,DEFAULT,,10,,,,,,1,2,,,,0.011,,,,,,,,,,,,
907202321,CS模式专属黄金枪G18,DEFAULT,,10,,,,,,1,2,,,,0.011,,,,,,,,,,,,
907102322,LCDP主题P90,DEFAULT,,32,,,-0.013,,,1,1,,,,,,,,,,,-0.1,,,,,
907102323,LCDP主题AN94,DEFAULT,,33,,,-0.014,,0.11,,,,,,,,,,,,,-0.1,,,,,
907102306,狐狸巫女主题M60,DEFAULT,,30,,-4,,,0.22,,,,,,-0.015,,,,,,,,,,,,
907102307,狐狸巫女主题SVD,DEFAULT,,26,,2,-0.048,,,,,,,,,,,,-0.04,,,,,,,,
907102309,匪帮说唱主题M1887,DEFAULT,,41,,,-0.058,,,,,,,,0.12,,,,,,,0.1,,,,,
907102310,匪帮说唱主题VSS,DEFAULT,,13,3,,,,,-1,-1,,,,,,,,,,,,,,,,
907102312,秩序挑战者主题Groza,DEFAULT,,14,2,,,,,,,,,,-0.05,,,,,,,-0.1,,,,,
907102313,秩序挑战者主题Kar98K,DEFAULT,,21,,-1,,,0.24,,,,,,,,,,,,,,,,,,
907102314,双重人格主题枪械SKS,DEFAULT,,18,7,-1,,,,,,,,,-0.024,,,,,,,,,,,,
907102315,双重人格主题枪械XM8,DEFAULT,,28,,,,,0.11,,,,,,-0.02,,,,,,,-0.12,,,,,
907102317,特殊角色特警男主题AWM,DEFAULT,,4,14,,,,,-1,-2,,,,,,,,,,,0.15,,,,,
907102318,特殊角色特警男主题M60,DEFAULT,,30,2,,,,,2,2,,,,0.018,,,,,,,,,,,,
907102319,特殊角色特警男主题UMP45,DEFAULT,,7,,-2,-0.008,,,2,2,,,,,,,,,,,,,,,,
907102316,特殊角色特警男主题AK47,DEFAULT,,6,,,-0.015,,0.11,-2,-1,,,,,,,,,,,,,,,,
907102201,特殊角色足球男主题M60,DEFAULT,,30,,,,,,,2,,,,-0.021,,,,,,,-0.15,,,,,
907102202,特殊角色足球男主题VSS,DEFAULT,,13,,3,,,,,,,,,,,,,,,,-0.1,,,,,
907102203,特殊角色足球男主题SKS,DEFAULT,,18,4,1,,,,,-2,,,,,,,,,,,,,,,,
907202322,LCDP主题P90,DEFAULT,,32,,,-0.008,,,1,1,,,,,,,,,,,-0.1,,,,,
907202323,LCDP主题AN94,DEFAULT,,33,,,-0.014,,0.11,,,,,,,,,,,,,-0.1,,,,,
907202306,狐狸巫女主题M60,DEFAULT,,30,,-4,,,0.11,,,,,,-0.015,,,,,,,,,,,,
907202307,狐狸巫女主题SVD,DEFAULT,,26,,2,-0.048,,,,,,,,,,,,-0.04,,,,,,,,
907202309,匪帮说唱主题M1887,DEFAULT,,41,,,-0.038,,,,,,,,0.12,,,,,,,0.1,,,,,
907202310,匪帮说唱主题VSS,DEFAULT,,13,3,,,,,-1,-1,,,,,,,,,,,,,,,,
907202312,秩序挑战者主题Groza,DEFAULT,,14,2,,,,,,,,,,-0.03,,,,,,,-0.1,,,,,
907202313,秩序挑战者主题Kar98K,DEFAULT,,21,,-1,,,0.24,,,,,,,,,,,,,,,,,,
907202314,双重人格主题枪械SKS,DEFAULT,,18,4,-1,,,,,,,,,-0.024,,,,,,,,,,,,
907202315,双重人格主题枪械XM8,DEFAULT,,28,,,,,0.11,,,,,,-0.02,,,,,,,-0.12,,,,,
907202317,特殊角色特警男主题AWM,DEFAULT,,4,14,,,,,-1,-2,,,,,,,,,,,0.15,,,,,
907202318,特殊角色特警男主题M60,DEFAULT,,30,2,,,,,2,2,,,,0.018,,,,,,,,,,,,
907202319,特殊角色特警男主题UMP45,DEFAULT,,7,,-2,-0.008,,,2,2,,,,,,,,,,,,,,,,
907202316,特殊角色特警男主题AK47,DEFAULT,,6,,,-0.015,,0.11,-2,-1,,,,,,,,,,,,,,,,
907202201,特殊角色足球男主题M60,DEFAULT,,30,,,,,,,2,,,,-0.021,,,,,,,-0.15,,,,,
907202202,特殊角色足球男主题VSS,DEFAULT,,13,,3,,,,,,,,,,,,,,,,-0.1,,,,,
907202203,特殊角色足球男主题SKS,DEFAULT,,18,4,1,,,,,-2,,,,,,,,,,,,,,,,
907192401,T_24_O_AK47_DRAGON,DEFAULT,,6,2,,-0.03,,,,,,,,,,,,-0.07,,,,,,,,
907192402,T_24_O_AK47_DRAGON,DEFAULT,,6,2,,-0.03,,,,,,,,,,,,-0.04,,,,,,,,
907192403,T_24_O_AK47_DRAGON,DEFAULT,,6,2,,-0.03,,,,,,,,,,,,-0.04,,,,,,,,
907192404,T_24_O_AK47_DRAGON,DEFAULT,,6,2,,-0.041,,,,,,,,,,,,-0.04,,,,,,,,
907192405,T_24_O_AK47_DRAGON,DEFAULT,,6,2,,-0.041,,,,,,,,,,,,-0.04,,,,,,,,
907192406,T_24_O_AK47_DRAGON,DEFAULT,,6,2,,-0.041,,,,,,,,,,,,-0.04,,,,40,,,,
907192407,T_24_O_AK47_DRAGON,DEFAULT,,6,2,,-0.041,,,,,,,,,,,,-0.04,,,,40,,,,
907292401,T_24_O_AK47_DRAGON,DEFAULT,,6,2,,-0.03,,,,,,,,,,,,-0.07,,,,,,,,
907292402,T_24_O_AK47_DRAGON,DEFAULT,,6,2,,-0.03,,,,,,,,,,,,-0.04,,,,,,,,
907292403,T_24_O_AK47_DRAGON,DEFAULT,,6,2,,-0.03,,,,,,,,,,,,-0.04,,,,,,,,
907292404,T_24_O_AK47_DRAGON,DEFAULT,,6,2,,-0.041,,,,,,,,,,,,-0.04,,,,,,,,
907292405,T_24_O_AK47_DRAGON,DEFAULT,,6,2,,-0.041,,,,,,,,,,,,-0.04,,,,,,,,
907292406,T_24_O_AK47_DRAGON,DEFAULT,,6,2,,-0.041,,,,,,,,,,,,-0.04,,,,40,,,,
907292407,T_24_O_AK47_DRAGON,DEFAULT,,6,2,,-0.041,,,,,,,,,,,,-0.04,,,,40,,,,
907102413,孵化室亡靈南瓜主題換模型槍XM8红,DEFAULT,,28,,,-0.029,,,,,,,,-0.018,,,,,,,-0.1,,,,,
907102410,孵化室亡靈南瓜主題換模型槍XM8橙,DEFAULT,,28,,,,,0.22,2,2,,,,,,,,,,,,,,,,
907102411,孵化室亡靈南瓜主題換模型槍XM8绿,DEFAULT,,28,,-2,-0.018,,,,5,,,,,,,,,,,,,,,,
907102412,孵化室亡靈南瓜主題換模型槍XM8紫,DEFAULT,,28,2,4,,,,,,,,,,,,,,,,-0.1,,,,,
907102405,幕府大名主题枪械SVD,DEFAULT,,26,7,3,,,,,,,,,0.02,,,,,,,,,,,,
907102406,幕府大名主题枪械M60,DEFAULT,,30,4,,,,,-2,-1,,,,,,,,,,,,,,,,
907102408,百万拳霸主题枪械MP5,DEFAULT,,8,3,2,,,,,,,,,,,,,,,,-0.1,,,,,
907102409,百万拳霸主题枪械HeatGun,DEFAULT,,39,,,,,,,,,,,-0.038,,,,-0.04,,,,,,,,
907102426,虎王主题枪械UMP,DEFAULT,,7,,,-0.01,,0.22,,,,,,,,,,,,,-0.1,,,,,
907102427,虎王主题枪械FAMAS,DEFAULT,,24,,-2,,,,2,4,,,,,,,,,,,,,,,,
907102414,巴西世界杯主题枪械M4A1,DEFAULT,,2,,,-0.021,,,,,,,,-0.01,,,,-0.04,,,,,,,,
907102415,巴西世界杯主题枪械Groza,DEFAULT,,14,4,-2,,,,,,,,,,,,,,,,,,,,,
907102416,booyah day主题枪械AUG,DEFAULT,,46,2,,,,,,,,,,-0.04,,,,,,,-0.1,,,,,
907102417,booyah day主题枪械AWM,DEFAULT,,4,13,,,,,-2,-1,,,,-0.02,,,,,,,,,,,,
907102418,角色派对女孩主题换皮枪械AUG,DEFAULT,,46,,-2,,,,,5,,,,,,,,,,,,,,,,
907102419,角色派对女孩主题换皮枪械M21A5,DEFAULT,,48,6,,,,,,-1,,,,-0.02,,,,,,,,,,,,
907102420,角色派对女孩主题换皮枪械M500,DEFAULT,,25,3,1,,,,,,,,,,,,,,,,-0.15,,,,,
907102421,角色派对女孩主题换皮枪械Scar,DEFAULT,,12,,2,-0.013,,,,,,,,,,,,-0.04,,,,,,,,
907102401,大学教授男主题换皮枪械M79,DEFAULT,,23,,,0.1,,,,,,,,,,,,,,,,,,,,
907102402,大学教授男主题换皮枪械MP5,DEFAULT,,8,,-2,,,,,3,,,,,,,,,,,,,,,,
907102403,大学教授男主题换皮枪械SKS,DEFAULT,,18,,,,,,,6,,,,,,,,,,,-0.13,,,,,
907102404,大学教授男主题换皮枪械M4A1,DEFAULT,,2,,-2,-0.015,,,,,,,,,,,,,,,0.1,,,,,
907202405,幕府大名主题枪械SVD,DEFAULT,,26,7,2,,,,,,,,,0.02,,,,,,,,,,,,
907202406,幕府大名主题枪械M60,DEFAULT,,30,2,4,,,,-2,-1,,,,,,,,,,,,,,,,
907202408,百万拳霸主题枪械MP5,DEFAULT,,8,3,,,,,,,,,,,,,,,,,-0.1,,,,,
907202409,百万拳霸主题枪械HeatGun,DEFAULT,,39,,,,,,,,,,,-0.038,,,,-0.04,,,,,,,,
907202426,虎王主题枪械UMP,DEFAULT,,7,,,-0.01,,0.22,,,,,,,,,,,,,-0.1,,,,,
907202427,虎王主题枪械FAMAS,DEFAULT,,24,,-2,,,,2,4,,,,,,,,,,,,,,,,
907202414,巴西世界杯主题枪械M4A1,DEFAULT,,2,,,-0.021,,,,,,,,,,,,-0.04,,,,,,,,
907202415,巴西世界杯主题枪械Groza,DEFAULT,,14,3,-2,,,,,,,,,,,,,,,,0.05,,,,,
907202416,booyah day主题枪械AUG,DEFAULT,,46,2,,,,,,,,,,-0.025,,,,,,,-0.1,,,,,
907202417,booyah day主题枪械AWM,DEFAULT,,4,13,,,,,-2,-1,,,,-0.02,,,,,,,,,,,,
907202418,角色派对女孩主题换皮枪械AUG,DEFAULT,,46,,-2,,,,,5,,,,,,,,,,,,,,,,
907202419,角色派对女孩主题换皮枪械M21A5,DEFAULT,,48,6,,,,,,-1,,,,-0.02,,,,,,,,,,,,
907202420,角色派对女孩主题换皮枪械M500,DEFAULT,,25,3,1,,,,,,,,,,,,,,,,-0.15,,,,,
907202421,角色派对女孩主题换皮枪械Scar,DEFAULT,,12,,2,-0.013,,,,,,,,,,,,-0.04,,,,,,,,
907202401,大学教授男主题换皮枪械M79,DEFAULT,,23,,,0.1,,,,,,,,,,,,,,,,,,,,
907202402,大学教授男主题换皮枪械MP5,DEFAULT,,8,,-2,,,,,3,,,,,,,,,,,,,,,,
907202403,大学教授男主题换皮枪械SKS,DEFAULT,,18,,,,,,,6,,,,,,,,,,,-0.13,,,,,
907202404,大学教授男主题换皮枪械M4A1,DEFAULT,,2,,-2,-0.015,,,,,,,,,,,,,,,0.1,,,,,
907102437,FAMAS - Clash SquadFAMAS,DEFAULT,,24,,,,,,,,,,,-0.01,,,,,,,-0.1,,,,,
907202437,FAMAS - Clash SquadFAMAS,DEFAULT,,24,,,,,,,,,,,-0.01,,,,,,,-0.1,,,,,
907192411,T_24_O_UMP_BOOYAH,DEFAULT,,7,,,,,,,,,,,,,,,,,,,,,,,
907192412,T_24_O_UMP_BOOYAH,DEFAULT,,7,,,,,,,,,,,0.008,,,,,,,0.1,,,,,
907192413,T_24_O_UMP_BOOYAH,DEFAULT,,7,,,,,,,,,,,0.008,,,,,,,0.1,,,,,
907192414,T_24_O_UMP_BOOYAH,DEFAULT,,7,1,,,,,,,,,,0.008,,,,,,,0.1,,,,,
907292411,T_24_O_UMP_BOOYAH,DEFAULT,,7,,,,,,,,,,,,,,,,,,,,,,,
907292412,T_24_O_UMP_BOOYAH,DEFAULT,,7,,,,,,,,,,,0.008,,,,,,,0.1,,,,,
907292413,T_24_O_UMP_BOOYAH,DEFAULT,,7,,,,,,,,,,,0.008,,,,,,,0.1,,,,,
907292414,T_24_O_UMP_BOOYAH,DEFAULT,,7,1,,,,,,,,,,0.008,,,,,,,0.1,,,,,
907202413,孵化室亡靈南瓜主題換模型槍XM8红,DEFAULT,,28,,,-0.029,,,,,,,,,,,,,,,-0.1,,,,,
907202410,孵化室亡靈南瓜主題換模型槍XM8橙,DEFAULT,,28,,,,,0.22,,,,,,,,,,,,,,,,,,
907202411,孵化室亡靈南瓜主題換模型槍XM8绿,DEFAULT,,28,,-2,,,,,5,,,,,,,,,,,,,,,,
907202412,孵化室亡靈南瓜主題換模型槍XM8紫,DEFAULT,,28,,4,,,,,,,,,,,,,,,,-0.1,,,,,
907102512,冰雪节M1887强化,DEFAULT,,41,,,,,,3,3,,,,,,,,0.06,,,-0.13,,,,,
907102513,冰雪节AUG强化,DEFAULT,,46,,2,-0.014,,,,,,,,,,,,,,,-0.1,,,,,
907202512,冰雪节M1887弱化,DEFAULT,,41,,,,,,3,3,,,,,,,,,,,-0.13,,,,,
907202513,冰雪节AUG弱化,DEFAULT,,46,,2,-0.014,,,,,,,,,,,,,,,-0.1,,,,,
907192501,T_25_O_SCAR_SHARK,DEFAULT,,12,2,,-0.019,,,,,,,,,,,,,,,-0.2,,,,,
907192502,T_25_O_SCAR_SHARK,DEFAULT,,12,2,,-0.019,,,,,,,,,,,,,,,-0.1,,,,,
907192503,T_25_O_SCAR_SHARK,DEFAULT,,12,2,,-0.019,,,,,,,,,,,,,,,-0.1,,,,,
907192504,T_25_O_SCAR_SHARK,DEFAULT,,12,2,,-0.032,,,,,,,,,,,,,,,-0.1,,,,,
907192505,T_25_O_SCAR_SHARK,DEFAULT,,12,2,,-0.032,,,,,,,,,,,,,,,-0.1,,,,,
907192506,T_25_O_SCAR_SHARK,DEFAULT,,12,2,,-0.032,,,,,,,,,,,,,,,-0.1,46,,,,
907192507,T_25_O_SCAR_SHARK,DEFAULT,,12,2,,-0.032,,,,,,,,,,,,,,,-0.1,46,,,,
907292501,T_25_O_SCAR_SHARK,DEFAULT,,12,2,,-0.019,,,,,,,,,,,,,,,-0.2,,,,,
907292502,T_25_O_SCAR_SHARK,DEFAULT,,12,2,,-0.019,,,,,,,,,,,,,,,-0.1,,,,,
907292503,T_25_O_SCAR_SHARK,DEFAULT,,12,2,,-0.019,,,,,,,,,,,,,,,-0.1,,,,,
907292504,T_25_O_SCAR_SHARK,DEFAULT,,12,2,,-0.032,,,,,,,,,,,,,,,-0.1,,,,,
907292505,T_25_O_SCAR_SHARK,DEFAULT,,12,2,,-0.032,,,,,,,,,,,,,,,-0.1,,,,,
907292506,T_25_O_SCAR_SHARK,DEFAULT,,12,2,,-0.032,,,,,,,,,,,,,,,-0.1,46,,,,
907292507,T_25_O_SCAR_SHARK,DEFAULT,,12,2,,-0.032,,,,,,,,,,,,,,,-0.1,46,,,,
907102506,音陨主題槍械P90（橙）,DEFAULT,,32,3,-4,-0.007,,,,,,,,,,,,,,,,,,,,
907102507,音陨主題槍械P90（红）,DEFAULT,,32,2,,,,0.3,,,,,,,,,,,,,-0.1,,,,,
907102508,音陨主題槍械P90（蓝）,DEFAULT,,32,,-4,,,,,2,,,,-0.04,,,,,,,,,,,,
907102509,音陨主題槍械P90（绿）,DEFAULT,,32,,,,,,,4,,,,-0.02,,,,-0.04,,,,,,,,
907102534,OPM合作枪皮肤-M4A1,DEFAULT,,2,2,-2,-0.03,,,,,,,,,,,,,,,,,,,,
907102535,OPM合作枪皮肤-M1887,DEFAULT,,41,1,,,,,,,,,,0.05,,,,,,,0.29,,,,,
907102524,赏金猎人合作赛博朋克AUG,DEFAULT,,46,,,-0.028,,,,-1,,,,,,,,,,,-0.1,,,,,
907102525,赏金猎人合作赛博朋克MP5,DEFAULT,,8,1,,-0.009,,,,,,,,,,,,-0.04,,,,,,,,
907102510,新年时光机主题枪械Thompson,DEFAULT,,43,,-2,,,,,3,,,,,,,,,,,0.1,,,,,
907102511,新年时光机主题枪械M82B,DEFAULT,,45,11,,,,,,,,,,,,,,-0.04,,,0.15,,,,,
907102514,黑街太保主题枪械M79,DEFAULT,,23,,1,,,,,,,,,,,,,-0.04,,,,,,,,
907102515,黑街太保主题枪械P90,DEFAULT,,32,,-4,-0.009,,,,,,,,-0.017,,,,,,,,,,,,
907102530,角色赏金猎人男主题换皮枪械Desert Eagle,DEFAULT,,9,,-1,,,,,,,,,-0.03,,,,,,,,,,,,
907102531,角色赏金猎人男主题换皮枪械G18,DEFAULT,,10,1,2,,,,,-1,,,,,,,,,,,,,,,,
907102532,角色赏金猎人男主题换皮枪械PARAFAL,DEFAULT,,47,,,-0.019,,,,-2,,,,-0.02,,,,,,,,,,,,
907102533,角色赏金猎人男主题换皮枪械Woodpecker,DEFAULT,,48,,,,,,,5,,,,,,,,-0.04,,,,,,,,
907102523,笑面人主题换皮枪械Vector,DEFAULT,,49,,2,,,,2,2,,,,,,,,,,,-0.1,,,,,
907102520,排位賽黄金系列P90,DEFAULT,,32,,,,,,,,,,,-0.02,,,,-0.04,,,,,,,,
907202506,音陨主題槍械P90（橙）,DEFAULT,,32,2,-4,-0.007,,,,,,,,,,,,,,,,,,,,
907202507,音陨主題槍械P90（红）,DEFAULT,,32,2,,,,0.19,,,,,,,,,,,,,-0.1,,,,,
907202508,音陨主題槍械P90（蓝）,DEFAULT,,32,,-4,,,,,2,,,,-0.02,,,,,,,,,,,,
907202509,音陨主題槍械P90（绿）,DEFAULT,,32,,,,,,,2,,,,-0.02,,,,-0.04,,,,,,,,
907202534,OPM合作枪皮肤-M4A1,DEFAULT,,2,,-2,-0.03,,,,,,,,,,,,,,,,,,,,
907202535,OPM合作枪皮肤-M1887,DEFAULT,,41,1,,,,,,,,,,0.05,,,,,,,0.19,,,,,
907202524,赏金猎人合作赛博朋克AUG,DEFAULT,,46,,,-0.028,,,,-1,,,,,,,,,,,-0.1,,,,,
907202525,赏金猎人合作赛博朋克MP5,DEFAULT,,8,1,,-0.009,,,,,,,,,,,,-0.04,,,,,,,,
907202510,新年时光机主题枪械Thompson,DEFAULT,,43,,,,,,,3,,,,,,,,,,,,,,,,
907202511,新年时光机主题枪械M82B,DEFAULT,,45,11,,,,,,,,,,,,,,-0.04,,,0.15,,,,,
907202514,黑街太保主题枪械M79,DEFAULT,,23,,1,,,,,,,,,,,,,-0.04,,,,,,,,
907202515,黑街太保主题枪械P90,DEFAULT,,32,,-4,-0.009,,,,,,,,-0.017,,,,,,,,,,,,
907202530,角色赏金猎人男主题换皮枪械Desert Eagle,DEFAULT,,9,,-1,,,,,,,,,-0.03,,,,,,,,,,,,
907202531,角色赏金猎人男主题换皮枪械G18,DEFAULT,,10,1,2,,,,,-1,,,,,,,,,,,,,,,,
907202532,角色赏金猎人男主题换皮枪械PARAFAL,DEFAULT,,47,,,-0.019,,,,-2,,,,-0.02,,,,,,,,,,,,
907202533,角色赏金猎人男主题换皮枪械Woodpecker,DEFAULT,,48,,,,,,,5,,,,,,,,-0.04,,,,,,,,
907202523,笑面人主题换皮枪械Vector,DEFAULT,,49,,2,,,,2,2,,,,,,,,,,,-0.1,,,,,
907202520,排位賽黄金系列P90,DEFAULT,,32,,,,,,,,,,,-0.02,,,,-0.04,,,,,,,,
907102521,排位賽角色系列M4A1,DEFAULT,,2,,,,,,,2,,,,,,,,-0.04,,,,,,,,
907202521,排位賽角色系列M4A1,DEFAULT,,2,,,,,,,2,,,,,,,,-0.04,,,,,,,,
907192601,T_26_O_MP40_COBRA,DEFAULT,,15,1,,-0.01,,,,,,,,,,,,,,,-0.2,,,,,
907192602,T_26_O_MP40_COBRA,DEFAULT,,15,1,,-0.01,,,,,,,,,,,,,,,-0.1,,,,,
907192603,T_26_O_MP40_COBRA,DEFAULT,,15,1,,-0.01,,,,,,,,,,,,,,,-0.1,,,,,
907192604,T_26_O_MP40_COBRA,DEFAULT,,15,2,,-0.01,,,,,,,,,,,,,,,-0.1,,,,,
907192605,T_26_O_MP40_COBRA,DEFAULT,,15,2,,-0.01,,,,,,,,,,,,,,,-0.1,,,,,
907192606,T_26_O_MP40_COBRA,DEFAULT,,15,2,,-0.01,,,,,,,,,,,,,,,-0.1,47,,,,
907192607,T_26_O_MP40_COBRA,DEFAULT,,15,2,,-0.01,,,,,,,,,,,,,,,-0.1,47,,,,
907292601,T_26_O_MP40_COBRA,DEFAULT,,15,1,,-0.01,,,,,,,,,,,,,,,-0.2,,,,,
907292602,T_26_O_MP40_COBRA,DEFAULT,,15,1,,-0.01,,,,,,,,,,,,,,,-0.1,,,,,
907292603,T_26_O_MP40_COBRA,DEFAULT,,15,1,,-0.01,,,,,,,,,,,,,,,-0.1,,,,,
907292604,T_26_O_MP40_COBRA,DEFAULT,,15,2,,-0.01,,,,,,,,,,,,,,,-0.1,,,,,
907292605,T_26_O_MP40_COBRA,DEFAULT,,15,2,,-0.01,,,,,,,,,,,,,,,-0.1,,,,,
907292606,T_26_O_MP40_COBRA,DEFAULT,,15,2,,-0.01,,,,,,,,,,,,,,,-0.1,47,,,,
907292607,T_26_O_MP40_COBRA,DEFAULT,,15,2,,-0.01,,,,,,,,,,,,,,,-0.1,47,,,,
907102612,燃烧军团主題槍械M4A1,DEFAULT,,2,2,,-0.025,,,,,,,,,,,,,,,-0.15,,,,,
907102613,燃烧军团主題槍械M4A1,DEFAULT,,2,4,-2,,,,,4,,,,,,,,,,,,,,,,
907102614,燃烧军团主題槍械M4A1,DEFAULT,,2,,,,,0.28,,,,,,-0.02,,,,-0.04,,,,,,,,
907102615,燃烧军团主題槍械M4A1,DEFAULT,,2,,,,,0.17,,6,,,,,,,,,,,-0.1,,,,,
907102105,AOT 主题枪械M1014,DEFAULT,,5,2,,,,0.18,,,,,,,,,,,,,-0.1,,,,,
907102106,AOT 主题枪械P90,DEFAULT,,32,,,-0.007,,0.18,,,,,,,,,,-0.04,,,,,,,,
907102616,春節主题枪械AWM,DEFAULT,,4,,,-0.26,,0.2,,,,,,,,,,,,,-0.23,,,,,
907102617,春節主题枪械Thompson,DEFAULT,,43,,,-0.009,,,-1,-1,,,,-0.018,,,,,,,,,,,,
907102618,復活節主题枪械M14,DEFAULT,,11,4,,,,,,5,,,,,,,,,,,-0.15,,,,,
907102619,復活節主题枪械PARAFAL,DEFAULT,,47,3,,,,,,,,,,-0.02,,,,,,,-0.1,,,,,
907102620,噬魂者主题枪械Kar98k,DEFAULT,,21,,,,,0.35,,4,,,,,,,,-0.04,,,,,,,,
907102621,噬魂者主题枪械MAG-7,DEFAULT,,50,1,1,,,,,,,,,,,,,,,,-0.1,,,,,
907102622,地下城黑帮主题枪械M60,DEFAULT,,30,4,,,,,,4,,,,,,,,,,,-0.15,,,,,
907102623,地下城黑帮主题枪械SVD,DEFAULT,,26,,,,,0.15,,4,,,,,,,,-0.04,,,,,,,,
907102624,MAG-7 新枪换皮枪械MAG-7,DEFAULT,,50,,,,,,1,2,,,,0.06,,,,,,,0.15,,,,,
907102625,角色nobody小哥主题换皮枪械M82B,DEFAULT,,45,,1,,,,,4,,,,,,,,,,,-0.1,,,,,
907102626,角色nobody小哥主题换皮枪械AN94,DEFAULT,,33,,-2,-0.014,,,,,,,,,,,,0.06,,,,,,,,
907102627,角色nobody小哥主题换皮枪械VSS,DEFAULT,,13,,,-0.02,,,,3,,,,,,,,,,,-0.1,,,,,
907102628,角色越南合作男主题换皮枪械Woodpecker,DEFAULT,,48,6,,,,,,4,,,,0.02,,,,,,,,,,,,
907102629,角色越南合作男主题换皮枪械M249,DEFAULT,,19,2,,,,,,,,,,-0.015,,,,,,,-0.1,,,,,
907102630,角色越南合作男主题换皮枪械SPAS12,DEFAULT,,29,,-1,,,0.18,2,1,,,,,,,,,,,,,,,,
907102631,角色越南合作男主题换皮枪械Vector,DEFAULT,,49,1,2,,,,-2,-1,,,,,,,,,,,,,,,,
907102632,CS RANK Golden ThemeMP5,DEFAULT,,8,,-2,,,,,2,,,,,,,,,,,,,,,,
907102633,BR RANK Character ThemeAK,DEFAULT,,6,,,,,,,,,,,-0.02,,,,,,,-0.1,,,,,
907202612,燃烧军团主題槍械M4A1,DEFAULT,,2,2,,-0.018,,,,,,,,,,,,,,,-0.15,,,,,
907202613,燃烧军团主題槍械M4A1,DEFAULT,,2,2,-2,,,,,4,,,,,,,,,,,,,,,,
907202614,燃烧军团主題槍械M4A1,DEFAULT,,2,,,,,0.17,,,,,,-0.02,,,,-0.04,,,,,,,,
907202615,燃烧军团主題槍械M4A1,DEFAULT,,2,,,,,0.17,,3,,,,,,,,,,,-0.1,,,,,
907202105,AOT 主题枪械M1014,DEFAULT,,5,1,,,,0.18,,,,,,,,,,,,,-0.1,,,,,
907202106,AOT 主题枪械P90,DEFAULT,,32,,,-0.007,,0.18,,,,,,,,,,-0.04,,,,,,,,
907202616,春節主题枪械AWM,DEFAULT,,4,,,-0.14,,0.2,,,,,,,,,,,,,-0.23,,,,,
907202617,春節主题枪械Thompson,DEFAULT,,43,,,-0.009,,,-1,-1,,,,-0.018,,,,,,,,,,,,
907202618,復活節主题枪械M14,DEFAULT,,11,4,,,,,,2,,,,,,,,,,,-0.15,,,,,
907202619,復活節主题枪械PARAFAL,DEFAULT,,47,3,,,,,,,,,,-0.02,,,,,,,-0.1,,,,,
907202620,噬魂者主题枪械Kar98k,DEFAULT,,21,,,,,0.2,,4,,,,,,,,-0.04,,,,,,,,
907202621,噬魂者主题枪械MAG-7,DEFAULT,,50,1,1,,,,,,,,,,,,,,,,-0.1,,,,,
907202622,地下城黑帮主题枪械M60,DEFAULT,,30,2,,,,,,4,,,,,,,,,,,-0.15,,,,,
907202623,地下城黑帮主题枪械SVD,DEFAULT,,26,,,,,0.15,,4,,,,,,,,-0.04,,,,,,,,
907202624,MAG-7 新枪换皮枪械MAG-7,DEFAULT,,50,,,,,,1,2,,,,0.06,,,,,,,0.15,,,,,
907202625,角色nobody小哥主题换皮枪械M82B,DEFAULT,,45,,1,,,,,4,,,,,,,,,,,-0.1,,,,,
907202626,角色nobody小哥主题换皮枪械AN94,DEFAULT,,33,,-2,-0.014,,,,,,,,,,,,0.06,,,,,,,,
907202627,角色nobody小哥主题换皮枪械VSS,DEFAULT,,13,,,-0.02,,,,3,,,,,,,,,,,-0.1,,,,,
907202628,角色越南合作男主题换皮枪械Woodpecker,DEFAULT,,48,6,,,,,,4,,,,0.02,,,,,,,,,,,,
907202629,角色越南合作男主题换皮枪械M249,DEFAULT,,19,2,,,,,,,,,,-0.015,,,,,,,-0.1,,,,,
907202630,角色越南合作男主题换皮枪械SPAS12,DEFAULT,,29,,-1,,,0.18,2,1,,,,,,,,,,,,,,,,
907202631,角色越南合作男主题换皮枪械Vector,DEFAULT,,49,1,2,,,,-2,-1,,,,,,,,,,,,,,,,
907202632,CS RANK Golden ThemeMP5,DEFAULT,,8,,-2,,,,,2,,,,,,,,,,,,,,,,
907202633,BR RANK Character ThemeAK,DEFAULT,,6,,,,,,,,,,,-0.02,,,,,,,-0.1,,,,,
907192701,T_27_W_M1014_IMPERIAL,EUROPE;ID;IND;BD;ME;PK;RU;SG;TH;TW;VN;ZA;US;SAC;NA,,5,1,,-0.035,,,,,,,,,,,,,,,-0.25,,,,,
907192702,T_27_W_M1014_IMPERIAL,EUROPE;ID;IND;BD;ME;PK;RU;SG;TH;TW;VN;ZA;US;SAC;NA,,5,1,,-0.035,,,,,,,,,,,,,,,-0.15,,,,,
907192703,T_27_W_M1014_IMPERIAL,EUROPE;ID;IND;BD;ME;PK;RU;SG;TH;TW;VN;ZA;US;SAC;NA,,5,1,,-0.035,,,,,,,,,,,,,,,-0.15,,,,,
907192704,T_27_W_M1014_IMPERIAL,EUROPE;ID;IND;BD;ME;PK;RU;SG;TH;TW;VN;ZA;US;SAC;NA,,5,1,,-0.07,,,,,,,,,,,,,,,-0.15,,,,,
907192705,T_27_W_M1014_IMPERIAL,EUROPE;ID;IND;BD;ME;PK;RU;SG;TH;TW;VN;ZA;US;SAC;NA,,5,1,,-0.07,,,,,,,,,,,,,,,-0.15,,,,,
907192706,T_27_W_M1014_IMPERIAL,EUROPE;ID;IND;BD;ME;PK;RU;SG;TH;TW;VN;ZA;US;SAC;NA,,5,1,,-0.07,,,,,,,,,,,,,,,-0.15,57,,,,
907192707,T_27_W_M1014_IMPERIAL,EUROPE;ID;IND;BD;ME;PK;RU;SG;TH;TW;VN;ZA;US;SAC;NA,,5,1,,-0.07,,,,,,,,,,,,,,,-0.15,57,,,,
907102711,纸箱动物主題槍械 UMP 鳄鱼,EUROPE;ID;IND;BD;ME;PK;RU;SG;TH;TW;VN;ZA;US;SAC;NA,,7,1,,-0.014,,,,,,,,,,,,,,,-0.1,,,,,
907102709,纸箱动物主題槍械 UMP 老虎,EUROPE;ID;IND;BD;ME;PK;RU;SG;TH;TW;VN;ZA;US;SAC;NA,,7,3,,,,0.13,,,,,,,,,,-0.04,-0.07,,,,,,,
907102710,纸箱动物主題槍械 UMP 斑马,EUROPE;ID;IND;BD;ME;PK;RU;SG;TH;TW;VN;ZA;US;SAC;NA,,7,1,-2,,,,,4,,,,,,,,,,,,,,,,
907102708,纸箱动物主題槍械 UMP 熊,EUROPE;ID;IND;BD;ME;PK;RU;SG;TH;TW;VN;ZA;US;SAC;NA,,7,,,-0.009,,,,,,,,-0.026,,,,,,,-0.1,,,,,
907102712,终极斗士主题枪械 M1887,EUROPE;ID;IND;BD;ME;PK;RU;SG;TH;TW;VN;ZA;US;SAC;NA,,41,1,,,,,,,,,,,,,,-0.04,,,0.28,,,,,
907102713,终极斗士主题枪械 PLASMA,EUROPE;ID;IND;BD;ME;PK;RU;SG;TH;TW;VN;ZA,,39,,,,,,,4,,,,0.015,,,,,,,,,,,,
907102714,金龙帮主主题枪械 Thompson,EUROPE;ID;IND;BD;ME;PK;RU;SG;TH;TW;VN;ZA;US;SAC;NA,,43,,5,-0.009,,,,,,,,,,,,,,,-0.15,,,,,
907102715,金龙帮主主题枪械 M82B,EUROPE;ID;IND;BD;ME;PK;RU;SG;TH;TW;VN;ZA,,45,,,,,0.13,,3,,,,,,,,-0.04,,,,,,,,
907102716,胡桃夹子主题枪械 MP5,EUROPE;ID;IND;BD;ME;PK;RU;SG;TH;TW;VN;ZA,,8,,-2,-0.013,,,,,,,,-0.01,,,,,,,,,,,,
907102717,胡桃夹子主题枪械 AUG,EUROPE;ID;IND;BD;ME;PK;RU;SG;TH;TW;VN;ZA,,46,2,,,,,,2,,,,,,,,-0.04,,,,,,,,
907102718,FFCC机器人控制师主题枪械 Vector,EUROPE;ID;IND;BD;ME;PK;RU;SG;TH;TW;VN;ZA;US;SAC;NA,,49,,2,,,,,3,,,,0.02,,,,,,,,,,,,
907102719,FFCC机器人控制师主题枪械 MAG-7,EUROPE;ID;IND;BD;ME;PK;RU;SG;TH;TW;VN;ZA;US;SAC;NA,,50,,1,,,,1,1,,,,,,,,,,,-0.1,,,,,
907102720,宝莱坞家族主题枪械 PARAFAL,EUROPE;ID;IND;BD;ME;PK;RU;SG;TH;TW;VN;ZA,,47,,2,,,,,3,,,,,,,,-0.04,,,,,,,,
907102721,宝莱坞家族主题枪械 G18,EUROPE;ID;IND;BD;ME;PK;RU;SG;TH;TW;VN;ZA,,10,1,,,,,2,1,,,,,,,,,,,-0.12,,,,,
907102722,中东合作男角主题换皮枪械 USP,EUROPE;ID;IND;BD;ME;PK;RU;SG;TH;TW;VN;ZA,,3,1,,,,,,,,,,-0.015,,,,,,,-0.12,,,,,
907102723,中东合作男角主题换皮枪械 Thompson,EUROPE;ID;IND;BD;ME;PK;RU;SG;TH;TW;VN;ZA,,43,1,,,,,-2,-1,,,,,,,,,,,0.16,,,,,
907102724,中东合作男角主题换皮枪械 M82B,EUROPE;ID;IND;BD;ME;PK;RU;SG;TH;TW;VN;ZA,,45,,-1,-0.13,,0.13,,,,,,,,,,,,,,,,,,
907102725,中东合作男角主题换皮枪械 SVD,EUROPE;ID;IND;BD;ME;PK;RU;SG;TH;TW;VN;ZA,,26,,-1,-0.035,,,,,,,,,,,,,,,0.1,,,,,
907102726,极限运动女主题换皮枪械 Vector,EUROPE;ID;IND;BD;ME;PK;RU;SG;TH;TW;VN;ZA,,49,,2,,,,,,,,,-0.013,,,,,,,-0.15,,,,,
907102727,极限运动女主题换皮枪械 M1887,EUROPE;ID;IND;BD;ME;PK;RU;SG;TH;TW;VN;ZA,,41,,,,,,,,,,,-0.05,,,,-0.04,,,0.15,,,,,
907102728,极限运动女主题换皮枪械 AWM,EUROPE;ID;IND;BD;ME;PK;RU;SG;TH;TW;VN;ZA,,4,14,,,,,,,,,,,,,,-0.04,,,0.1,,,,,
907102729,极限运动女主题换皮枪械 P90,EUROPE;ID;IND;BD;ME;PK;RU;SG;TH;TW;VN;ZA,,32,,-4,-0.009,,,,2,,,,,,,,,,,,,,,,
907102730,CS RANK Golden Theme M500,EUROPE;ID;IND;BD;ME;PK;RU;SG;TH;TW;VN;ZA,,25,,,,,,,2,,,,,,,,,,,-0.1,,,,,
907102731,BR RANK Character Theme AN94,EUROPE;ID;IND;BD;ME;PK;RU;SG;TH;TW;VN;ZA,,33,,-2,,,,,,,,,-0.015,,,,,,,,,,,,
907102713,终极斗士主题枪械 PLASMA,US;SAC;NA,,39,,,,,,,2,,,,0.015,,,,,,,,,,,,
907102715,金龙帮主主题枪械 M82B,US;SAC;NA,,45,,,,,0.13,,3,,,,,,,,-0.04,,,,,,,,
907102716,胡桃夹子主题枪械 MP5,US;SAC;NA,,8,,-2,-0.008,,,,,,,,-0.01,,,,,,,,,,,,
907102717,胡桃夹子主题枪械 AUG,US;SAC;NA,,46,1,,,,,,2,,,,,,,,-0.04,,,,,,,,
907102720,宝莱坞家族主题枪械 PARAFAL,US;SAC;NA,,47,2,,,,,,2,,,,,,,,-0.04,,,,,,,,
907102721,宝莱坞家族主题枪械 G18,US;SAC;NA,,10,1,,,,,2,1,,,,,,,,,,,-0.12,,,,,
907102722,中东合作男角主题换皮枪械 USP,US;SAC;NA,,3,1,,,,,,,,,,-0.015,,,,,,,-0.12,,,,,
907102723,中东合作男角主题换皮枪械 Thompson,US;SAC;NA,,43,1,,,,,-2,-1,,,,,,,,,,,0.16,,,,,
907102724,中东合作男角主题换皮枪械 M82B,US;SAC;NA,,45,,-1,-0.13,,0.13,,,,,,,,,,,,,,,,,,
907102725,中东合作男角主题换皮枪械 SVD,US;SAC;NA,,26,,-1,-0.035,,,,,,,,,,,,,,,0.1,,,,,
907102726,极限运动女主题换皮枪械 Vector,US;SAC;NA,,49,,2,,,,,,,,,-0.013,,,,,,,-0.15,,,,,
907102727,极限运动女主题换皮枪械 M1887,US;SAC;NA,,41,,,,,,,,,,,-0.05,,,,-0.04,,,0.15,,,,,
907102728,极限运动女主题换皮枪械 AWM,US;SAC;NA,,4,14,,,,,,,,,,,,,,-0.04,,,0.1,,,,,
907102729,极限运动女主题换皮枪械 P90,US;SAC;NA,,32,,-4,-0.009,,,,2,,,,,,,,,,,,,,,,
907102730,CS RANK Golden Theme M500,US;SAC;NA,,25,,,,,,,2,,,,,,,,,,,-0.1,,,,,
907102731,BR RANK Character Theme AN94,US;SAC;NA,,33,,-2,,,,,,,,,-0.015,,,,,,,,,,,,
907102609,AK48 cobra,DEFAULT,,6,2,,,,,,2,,,,,,,,,,,-0.1,,,,,
907202609,AK48 cobra,DEFAULT,,6,2,,,,,,2,,,,,,,,,,,-0.1,,,,,
907192801,T_28_LC_XM8_THUNDER_N,EUROPE;ID;IND;BD;ME;PK;RU;SG;TH;TW;VN;ZA;US;SAC;NA,,28,2,,-0.015,,,,,,,,,,,,,,,-0.15,,,,,
907192802,T_28_LC_XM8_THUNDER_N,EUROPE;ID;IND;BD;ME;PK;RU;SG;TH;TW;VN;ZA;US;SAC;NA,,28,2,,-0.015,,,,,,,,,,,,,,,-0.1,,,,,
907192803,T_28_LC_XM8_THUNDER_N,EUROPE;ID;IND;BD;ME;PK;RU;SG;TH;TW;VN;ZA;US;SAC;NA,,28,2,,-0.015,,,,,,,,,,,,,,,-0.1,,,,,
907192804,T_28_LC_XM8_THUNDER_N,EUROPE;ID;IND;BD;ME;PK;RU;SG;TH;TW;VN;ZA;US;SAC;NA,,28,3,,-0.015,,,,,,,,,,,,,,,-0.1,,,,,
907192805,T_28_LC_XM8_THUNDER_N,EUROPE;ID;IND;BD;ME;PK;RU;SG;TH;TW;VN;ZA;US;SAC;NA,,28,3,,-0.015,,,,,,,,,,,,,,,-0.1,,,,,
907192806,T_28_LC_XM8_THUNDER_N,EUROPE;ID;IND;BD;ME;PK;RU;SG;TH;TW;VN;ZA;US;SAC;NA,,28,3,,-0.015,,,,,,,,,,,,,,,-0.1,61,,,,
907192807,T_28_LC_XM8_THUNDER_N,EUROPE;ID;IND;BD;ME;PK;RU;SG;TH;TW;VN;ZA;US;SAC;NA,,28,3,,-0.015,,,,,,,,,,,,,,,-0.1,61,,,,
907102806,孵化室猎杀日3.0四圣兽主题青龙M60,EUROPE;ID;IND;BD;ME;PK;RU;SG;TH;TW;VN;ZA;US;SAC;NA,,30,3,-5,-0.02,,,,,,,,,,,,,,,,,,,,
907102807,孵化室猎杀日3.0四圣兽主题白虎M60,EUROPE;ID;IND;BD;ME;PK;RU;SG;TH;TW;VN;ZA;US;SAC;NA,,30,,,-0.032,,,,,,,,-0.02,,,,,,,-0.1,,,,,
907102808,孵化室猎杀日3.0四圣兽主题朱雀M60,EUROPE;ID;IND;BD;ME;PK;RU;SG;TH;TW;VN;ZA;US;SAC;NA,,30,,-5,,,0.3,2,2,,,,,,,,,,,,,,,,
907102809,孵化室猎杀日3.0四圣兽主题玄武M60,EUROPE;ID;IND;BD;ME;PK;RU;SG;TH;TW;VN;ZA;US;SAC;NA,,30,1,,,,,2,2,,,,,,,,-0.04,-0.07,,,,,,,
907102816,全知魔族主题Woodpecker,EUROPE;ID;IND;BD;ME;PK;RU;SG;TH;TW;VN;ZA,,48,,-1,,,0.2,4,4,,,,,,,,,,,,,,,,
907102817,全知魔族主题Eagle,EUROPE;ID;IND;BD;ME;PK;RU;SG;TH;TW;VN;ZA,,9,5,1,,,,,,,,,,,,,,,,-0.1,,,,,
907102818,全知魔族主题Kord,EUROPE;ID;IND;BD;ME;PK;RU;SG;TH;TW;VN;ZA,,54,,-8,,,,3,3,,,,-0.015,,,,,,,,,,,,
907102819,食人鲨主题MAG7,EUROPE;ID;IND;BD;ME;PK;RU;SG;TH;TW;VN;ZA,,50,,,,,0.22,1,2,,,,0.05,,,,,,,,,,,,
907102820,食人鲨主题FAL,EUROPE;ID;IND;BD;ME;PK;RU;SG;TH;TW;VN;ZA,,47,,-2,-0.02,,,,,,,,,,,,,,,0.15,,,,,
907102821,食人鲨主题Uzi,EUROPE;ID;IND;BD;ME;PK;RU;SG;TH;TW;VN;ZA,,58,,2,,,,1,1,,,,,,,,,,,-0.1,,,,,
907102822,枪火新娘主题AN94,EUROPE;ID;IND;BD;ME;PK;RU;SG;TH;TW;VN;ZA,,33,4,,,,0.15,,,,,,,,,,,,,-0.12,,,,,
907102823,枪火新娘主题Thompson,EUROPE;ID;IND;BD;ME;PK;RU;SG;TH;TW;VN;ZA,,43,,-2,,,0.25,2,1,,,,,,,,,,,,,,,,
907102824,穿越忍者主题Kord,EUROPE;ID;IND;BD;ME;PK;RU;SG;TH;TW;VN;ZA,,54,1,,,,,3,3,,,,,,,,,,,-0.1,,,,,
907102825,穿越忍者主题M14,EUROPE;ID;IND;BD;ME;PK;RU;SG;TH;TW;VN;ZA,,11,,,-0.035,,0.2,,,,,,,,,,-0.04,,,,,,,,
907102826,CS排位赛黄金M1014,EUROPE;ID;IND;BD;ME;PK;RU;SG;TH;TW;VN;ZA,,5,,1,,,,,,,,,0.08,,,,,,,,,,,,
907102827,排位赛23赛季FF角色觉醒Andrew主题SKS,EUROPE;ID;IND;BD;ME;PK;RU;SG;TH;TW;VN;ZA,,18,,,,,,3,3,,,,,,,,,,,-0.1,,,,,
907102833,SF合作款AWM,EUROPE;ID;IND;BD;ME;PK;RU;SG;TH;TW;VN;ZA,,4,20,-1,,,,,,,,,,,,,,,,0.18,,,,,
907102834,SF合作款MP5,EUROPE;ID;IND;BD;ME;PK;RU;SG;TH;TW;VN;ZA,,8,3,,,,,2,2,,,,,,,,,,,-0.1,,,,,
907102816,全知魔族主题Woodpecker,US;SAC;NA,,48,,-1,,,0.2,3,3,,,,,,,,,,,,,,,,
907102817,全知魔族主题Eagle,US;SAC;NA,,9,5,1,,,,,,,,,,,,,,,,-0.1,,,,,
907102818,全知魔族主题Kord,US;SAC;NA,,54,,-8,,,,3,2,,,,-0.012,,,,,,,,,,,,
907102819,食人鲨主题MAG7,US;SAC;NA,,50,,,,,0.2,1,1,,,,0.05,,,,,,,,,,,,
907102820,食人鲨主题FAL,US;SAC;NA,,47,,-2,-0.019,,,,,,,,,,,,,,,0.1,,,,,
907102821,食人鲨主题Uzi,US;SAC;NA,,58,,2,,,,1,1,,,,,,,,,,,-0.1,,,,,
907102822,枪火新娘主题AN94,US;SAC;NA,,33,2,,,,0.12,,,,,,,,,,,,,-0.15,,,,,
907102823,枪火新娘主题Thompson,US;SAC;NA,,43,,-2,,,0.25,2,1,,,,,,,,,,,,,,,,
907102824,穿越忍者主题Kord,US;SAC;NA,,54,1,,,,,2,2,,,,,,,,,,,-0.12,,,,,
907102825,穿越忍者主题M14,US;SAC;NA,,11,,,-0.03,,0.2,,,,,,,,,,-0.05,,,,,,,,
907102826,CS排位赛黄金M1014,US;SAC;NA,,5,,1,,,,,,,,,0.1,,,,,,,,,,,,
907102827,排位赛23赛季FF角色觉醒Andrew主题SKS,US;SAC;NA,,18,,,,,,3,3,,,,,,,,,,,-0.1,,,,,
907102833,SF合作款AWM,US;SAC;NA,,4,15,-1,,,,,,,,,,,,,,,,,,,,,
907102834,SF合作款MP5,US;SAC;NA,,8,2,,,,,2,2,,,,,,,,,,,-0.1,,,,,
907192701,T_27_W_M1014_IMPERIAL,BR,,5,,,,,,,,,,,,,,,,,,,,,,,
907192702,T_27_W_M1014_IMPERIAL,BR,,5,,,,,,,,,,,,,,,,,,,,,,,
907192703,T_27_W_M1014_IMPERIAL,BR,,5,,,,,,,,,,,,,,,,,,,,,,,
907192704,T_27_W_M1014_IMPERIAL,BR,,5,,,,,,,,,,,,,,,,,,,,,,,
907192705,T_27_W_M1014_IMPERIAL,BR,,5,,,,,,,,,,,,,,,,,,,,,,,
907192706,T_27_W_M1014_IMPERIAL,BR,,5,,,,,,,,,,,,,,,,,,,,,,,
907192707,T_27_W_M1014_IMPERIAL,BR,,5,,,,,,,,,,,,,,,,,,,,,,,
907102711,纸箱动物主題槍械 UMP 鳄鱼,BR,,7,,,,,,,,,,,,,,,,,,,,,,,
907102709,纸箱动物主題槍械 UMP 老虎,BR,,7,,,,,,,,,,,,,,,,,,,,,,,
907102710,纸箱动物主題槍械 UMP 斑马,BR,,7,,,,,,,,,,,,,,,,,,,,,,,
907102708,纸箱动物主題槍械 UMP 熊,BR,,7,,,,,,,,,,,,,,,,,,,,,,,
907102712,终极斗士主题枪械 M1887,BR,,41,,,,,,,,,,,,,,,,,,,,,,,
907102713,终极斗士主题枪械 PLASMA,BR,,39,,,,,,,,,,,,,,,,,,,,,,,
907102714,金龙帮主主题枪械 Thompson,BR,,43,,,,,,,,,,,,,,,,,,,,,,,
907102715,金龙帮主主题枪械 M82B,BR,,45,,,,,,,,,,,,,,,,,,,,,,,
907102716,胡桃夹子主题枪械 MP5,BR,,8,,,,,,,,,,,,,,,,,,,,,,,
907102717,胡桃夹子主题枪械 AUG,BR,,46,,,,,,,,,,,,,,,,,,,,,,,
907102718,FFCC机器人控制师主题枪械 Vector,BR,,49,,,,,,,,,,,,,,,,,,,,,,,
907102719,FFCC机器人控制师主题枪械 MAG-7,BR,,50,,,,,,,,,,,,,,,,,,,,,,,
907102720,宝莱坞家族主题枪械 PARAFAL,BR,,47,,,,,,,,,,,,,,,,,,,,,,,
907102721,宝莱坞家族主题枪械 G18,BR,,10,,,,,,,,,,,,,,,,,,,,,,,
907102722,中东合作男角主题换皮枪械 USP,BR,,3,,,,,,,,,,,,,,,,,,,,,,,
907102723,中东合作男角主题换皮枪械 Thompson,BR,,43,,,,,,,,,,,,,,,,,,,,,,,
907102724,中东合作男角主题换皮枪械 M82B,BR,,45,,,,,,,,,,,,,,,,,,,,,,,
907102725,中东合作男角主题换皮枪械 SVD,BR,,26,,,,,,,,,,,,,,,,,,,,,,,
907102726,极限运动女主题换皮枪械 Vector,BR,,49,,,,,,,,,,,,,,,,,,,,,,,
907102727,极限运动女主题换皮枪械 M1887,BR,,41,,,,,,,,,,,,,,,,,,,,,,,
907102728,极限运动女主题换皮枪械 AWM,BR,,4,,,,,,,,,,,,,,,,,,,,,,,
907102729,极限运动女主题换皮枪械 P90,BR,,32,,,,,,,,,,,,,,,,,,,,,,,
907102730,CS RANK Golden Theme M500,BR,,25,,,,,,,,,,,,,,,,,,,,,,,
907102731,BR RANK Character Theme AN94,BR,,33,,,,,,,,,,,,,,,,,,,,,,,
907192801,T_28_LC_XM8_THUNDER_N,BR,,28,,,,,,,,,,,,,,,,,,,,,,,
907192802,T_28_LC_XM8_THUNDER_N,BR,,28,,,,,,,,,,,,,,,,,,,,,,,
907192803,T_28_LC_XM8_THUNDER_N,BR,,28,,,,,,,,,,,,,,,,,,,,,,,
907192804,T_28_LC_XM8_THUNDER_N,BR,,28,,,,,,,,,,,,,,,,,,,,,,,
907192805,T_28_LC_XM8_THUNDER_N,BR,,28,,,,,,,,,,,,,,,,,,,,,,,
907192806,T_28_LC_XM8_THUNDER_N,BR,,28,,,,,,,,,,,,,,,,,,,,,,,
907192807,T_28_LC_XM8_THUNDER_N,BR,,28,,,,,,,,,,,,,,,,,,,,,,,
907102806,孵化室猎杀日3.0四圣兽主题青龙M60,BR,,30,,,,,,,,,,,,,,,,,,,,,,,
907102807,孵化室猎杀日3.0四圣兽主题白虎M60,BR,,30,,,,,,,,,,,,,,,,,,,,,,,
907102808,孵化室猎杀日3.0四圣兽主题朱雀M60,BR,,30,,,,,,,,,,,,,,,,,,,,,,,
907102809,孵化室猎杀日3.0四圣兽主题玄武M60,BR,,30,,,,,,,,,,,,,,,,,,,,,,,
907102816,全知魔族主题Woodpecker,BR,,48,,,,,,,,,,,,,,,,,,,,,,,
907102817,全知魔族主题Eagle,BR,,9,,,,,,,,,,,,,,,,,,,,,,,
907102818,全知魔族主题Kord,BR,,54,,,,,,,,,,,,,,,,,,,,,,,
907102819,食人鲨主题MAG7,BR,,50,,,,,,,,,,,,,,,,,,,,,,,
907102820,食人鲨主题FAL,BR,,47,,,,,,,,,,,,,,,,,,,,,,,
907102821,食人鲨主题Uzi,BR,,58,,,,,,,,,,,,,,,,,,,,,,,
907102822,枪火新娘主题AN94,BR,,33,,,,,,,,,,,,,,,,,,,,,,,
907102823,枪火新娘主题Thompson,BR,,43,,,,,,,,,,,,,,,,,,,,,,,
907102824,穿越忍者主题Kord,BR,,54,,,,,,,,,,,,,,,,,,,,,,,
907102825,穿越忍者主题M14,BR,,11,,,,,,,,,,,,,,,,,,,,,,,
907102826,CS排位赛黄金M1014,BR,,5,,,,,,,,,,,,,,,,,,,,,,,
907102827,排位赛23赛季FF角色觉醒Andrew主题SKS,BR,,18,,,,,,,,,,,,,,,,,,,,,,,
907102833,SF合作款AWM,BR,,4,,,,,,,,,,,,,,,,,,,,,,,
907102834,SF合作款MP5,BR,,8,,,,,,,,,,,,,,,,,,,,,,,
907102734,排位赛22赛季FF角色马克西姆主题Scar,EUROPE;ID;IND;BD;ME;PK;RU;SG;TH;TW;VN;ZA,,12,,,,,,,,,,,-0.03,,-0.3,,-0.04,,,,,,,,
907102734,排位赛22赛季FF角色马克西姆主题Scar,US;SAC;NA,,12,,,,,,,,,,,-0.03,,-0.3,,-0.04,,,,,,,,
907102734,排位赛22赛季FF角色马克西姆主题Scar,BR,,12,,,,,,,,,,,,,,,,,,,,,,,
907102914,孵化室岩浆主题MP5_橙,EUROPE;ID;IND;BD;ME;PK;RU;SG;TH;TW;VN;ZA;US;SAC;NA,,8,,,-0.013,,,2,2,,,,,,,,,,,-0.1,,,,,
907102911,孵化室岩浆主题MP5_蓝,EUROPE;ID;IND;BD;ME;PK;RU;SG;TH;TW;VN;ZA;US;SAC;NA,,8,3,-2,,,,,,,,,-0.02,,-0.1,,,,,,,,,,
907102912,孵化室岩浆主题MP5_紫,EUROPE;ID;IND;BD;ME;PK;RU;SG;TH;TW;VN;ZA;US;SAC;NA,,8,2,,,,0.25,,,,,,,,,,-0.04,,,,,,,,
907102913,孵化室岩浆主题MP5_绿,EUROPE;ID;IND;BD;ME;PK;RU;SG;TH;TW;VN;ZA;US;SAC;NA,,8,,2,,,,2,2,,,,,,,,,,,-0.1,,,,,
907102915,四周年庆音乐节主题Thompson,EUROPE;ID;IND;BD;ME;PK;RU;SG;TH;TW;VN;ZA,,43,1,-2,,,,2,3,,,,,,,,,,,,,,,,
907102916,金翼特派员主题UZI,EUROPE;ID;IND;BD;ME;PK;RU;SG;TH;TW;VN;ZA,,58,1,,,,,,,,,,-0.01,,-0.2,,,,,-0.1,,,,,
907102917,金翼特派员主题MAG7,EUROPE;ID;IND;BD;ME;PK;RU;SG;TH;TW;VN;ZA,,50,,,,,,1,1,,,,-0.06,,-0.2,,,,,-0.1,,,,,
907102918,觉醒Moco二次元主题枪械AUG,EUROPE;ID;IND;BD;ME;PK;RU;SG;TH;TW;VN;ZA,,46,1,-2,,,0.12,,,,,,,,,,,,,,,,,,
907102919,觉醒Moco二次元主题枪械SPAS12,EUROPE;ID;IND;BD;ME;PK;RU;SG;TH;TW;VN;ZA;US;SAC;NA,,29,2,1,,,,,,,,,0.02,,0.2,,,,,,,,,,
907102920,京剧潮服主题GROZA,EUROPE;ID;IND;BD;ME;PK;RU;SG;TH;TW;VN;ZA,,14,,,,,0.25,,,,,,-0.03,,,,-0.06,,,,,,,,
907102921,京剧潮服主题M82B,EUROPE;ID;IND;BD;ME;PK;RU;SG;TH;TW;VN;ZA,,45,,1,-0.13,,,,,,,,,,,,,,,-0.1,,,,,
907102922,蔚蓝部落主题AC80,EUROPE;ID;IND;BD;ME;PK;RU;SG;TH;TW;VN;ZA,,89,,1,,,0.12,,,,,,0.03,,0.02,,,,,,,,,,
907102924,CS排位赛黄金主題AN94,EUROPE;ID;IND;BD;ME;PK;RU;SG;TH;TW;VN;ZA,,33,,-2,,,,,2,2,,,,,,,,,,,,,,,
907102925,排位赛24赛季FF角色米莎主题M14,EUROPE;ID;IND;BD;ME;PK;RU;SG;TH;TW;VN;ZA,,11,,,,,,,,,,,-0.025,,-0.125,,-0.04,,,,,,,,
907102933,角色音乐家兄弟主题AK47,EUROPE;ID;IND;BD;ME;PK;RU;SG;TH;TW;VN;ZA,,6,3,2,,,,,,,,,0.025,,,,,,,,,,,,
907102934,角色音乐家兄弟主题M249,EUROPE;ID;IND;BD;ME;PK;RU;SG;TH;TW;VN;ZA,,19,,,,,0.12,,2,1,,,,,,,-0.05,,,,,,,,
907102935,冰火主题双枪Vector,EUROPE;ID;IND;BD;ME;PK;RU;SG;TH;TW;VN;ZA;US;SAC;NA,,49,1,,,,,2,3,,,,,,,,,,,-0.1,,,,,
907102937,黑金主题M1887,EUROPE;ID;IND;BD;ME;PK;RU;SG;TH;TW;VN;ZA;US;SAC;NA,,41,,,-0.06,,,1,2,,,,,,,,,,,-0.1,,,,,
907102938,火主题PARAFAL,EUROPE;ID;IND;BD;ME;PK;RU;SG;TH;TW;VN;ZA;US;SAC;NA,,47,,-2,,,,,2,,,,-0.02,,,,,,,,,,,,
907102915,四周年庆音乐节主题Thompson,US;SAC;NA,,43,1,-2,,,,2,2,,,,,,,,,,,,,,,,
907102916,金翼特派员主题UZI,US;SAC;NA,,58,1,,,,,,,,,,-0.01,,-0.1,,,,,-0.1,,,,,
907102917,金翼特派员主题MAG7,US;SAC;NA,,50,,,,,,1,1,,,,-0.06,,-0.2,,,,,-0.1,,,,,
907102918,觉醒Moco二次元主题枪械AUG,US;SAC;NA,,46,1,-2,,,0.12,,,,,,,,,,,,,,,,,,
907102920,京剧潮服主题GROZA,US;SAC;NA,,14,,,,,0.12,,,,,,-0.03,,,,-0.06,,,,,,,,
907102921,京剧潮服主题M82B,US;SAC;NA,,45,,1,-0.13,,,,,,,,,,,,,,,-0.1,,,,,
907102922,蔚蓝部落主题AC80,US;SAC;NA,,89,,1,,,0.1,,,,,,0.03,,0.02,,,,,,,,,,
907102924,CS排位赛黄金主題AN94,US;SAC;NA,,33,,-2,,,,,2,1,,,,,,,,,,,,,,,
907102925,排位赛24赛季FF角色米莎主题M14,US;SAC;NA,,11,,,,,,,,,,,-0.025,,-0.125,,-0.05,,,,,,,,
907102933,角色音乐家兄弟主题AK47,US;SAC;NA,,6,2,2,,,,,,,,,0.03,,,,,,,,,,,,
907102934,角色音乐家兄弟主题M249,US;SAC;NA,,19,,,,,0.1,,1,1,,,,,,,-0.06,,,,,,,,
907102914,孵化室岩浆主题MP5_橙,BR,,8,,,,,,,,,,,,,,,,,,,,,,,
907102911,孵化室岩浆主题MP5_蓝,BR,,8,,,,,,,,,,,,,,,,,,,,,,,
907102912,孵化室岩浆主题MP5_紫,BR,,8,,,,,,,,,,,,,,,,,,,,,,,
907102913,孵化室岩浆主题MP5_绿,BR,,8,,,,,,,,,,,,,,,,,,,,,,,
907102915,四周年庆音乐节主题Thompson,BR,,43,,,,,,,,,,,,,,,,,,,,,,,
907102916,金翼特派员主题UZI,BR,,58,,,,,,,,,,,,,,,,,,,,,,,
907102917,金翼特派员主题MAG7,BR,,50,,,,,,,,,,,,,,,,,,,,,,,
907102918,觉醒Moco二次元主题枪械AUG,BR,,46,,,,,,,,,,,,,,,,,,,,,,,
907102919,觉醒Moco二次元主题枪械SPAS12,BR,,29,,,,,,,,,,,,,,,,,,,,,,,
907102920,京剧潮服主题GROZA,BR,,14,,,,,,,,,,,,,,,,,,,,,,,
907102921,京剧潮服主题M82B,BR,,45,,,,,,,,,,,,,,,,,,,,,,,
907102922,蔚蓝部落主题AC80,BR,,89,,,,,,,,,,,,,,,,,,,,,,,
907102924,CS排位赛黄金主題AN94,BR,,33,,,,,,,,,,,,,,,,,,,,,,,
907102925,排位赛24赛季FF角色米莎主题M14,BR,,11,,,,,,,,,,,,,,,,,,,,,,,
907102933,角色音乐家兄弟主题AK47,BR,,6,,,,,,,,,,,,,,,,,,,,,,,
907102934,角色音乐家兄弟主题M249,BR,,19,,,,,,,,,,,,,,,,,,,,,,,
907102935,冰火主题双枪Vector,BR,,49,,,,,,,,,,,,,,,,,,,,,,,
907102937,黑金主题M1887,BR,,41,,,,,,,,,,,,,,,,,,,,,,,
907102938,火主题PARAFAL,BR,,47,,,,,,,,,,,,,,,,,,,,,,,
907193001,T_30_YF_UMP_BOOYAHDAY21_N,EUROPE;ID;IND;BD;ME;PK;RU;SG;TH;TW;VN;ZA;US;SAC;NA,,7,1,,-0.01,,,,,,,,,,,,,,,-0.15,,,,,
907193002,T_30_YF_UMP_BOOYAHDAY21_N,EUROPE;ID;IND;BD;ME;PK;RU;SG;TH;TW;VN;ZA;US;SAC;NA,,7,1,,-0.01,,,,,,,,,,,,,,,-0.08,,,,,
907193003,T_30_YF_UMP_BOOYAHDAY21_N,EUROPE;ID;IND;BD;ME;PK;RU;SG;TH;TW;VN;ZA;US;SAC;NA,,7,1,,-0.01,,,,,,,,,,,,,,,-0.08,,,,,
907193004,T_30_YF_UMP_BOOYAHDAY21_N,EUROPE;ID;IND;BD;ME;PK;RU;SG;TH;TW;VN;ZA;US;SAC;NA,,7,2,,-0.01,,,,,,,,,,,,,,,-0.08,,,,,
907193005,T_30_YF_UMP_BOOYAHDAY21_N,EUROPE;ID;IND;BD;ME;PK;RU;SG;TH;TW;VN;ZA;US;SAC;NA,,7,2,,-0.01,,,,,,,,,,,,,,,-0.08,,,,,
907193006,T_30_YF_UMP_BOOYAHDAY21_N,EUROPE;ID;IND;BD;ME;PK;RU;SG;TH;TW;VN;ZA;US;SAC;NA,,7,2,,-0.01,,,,,,,,,,,,,,,-0.08,112,,,,
907193007,T_30_YF_UMP_BOOYAHDAY21_N,EUROPE;ID;IND;BD;ME;PK;RU;SG;TH;TW;VN;ZA;US;SAC;NA,,7,2,,-0.01,,,,,,,,,,,,,,,-0.08,112,,,,
907193001,T_30_YF_UMP_BOOYAHDAY21_N,BR,,7,,,,,,,,,,,,,,,,,,,,,,,
907193002,T_30_YF_UMP_BOOYAHDAY21_N,BR,,7,,,,,,,,,,,,,,,,,,,,,,,
907193003,T_30_YF_UMP_BOOYAHDAY21_N,BR,,7,,,,,,,,,,,,,,,,,,,,,,,
907193004,T_30_YF_UMP_BOOYAHDAY21_N,BR,,7,,,,,,,,,,,,,,,,,,,,,,,
907193005,T_30_YF_UMP_BOOYAHDAY21_N,BR,,7,,,,,,,,,,,,,,,,,,,,,,,
907193006,T_30_YF_UMP_BOOYAHDAY21_N,BR,,7,,,,,,,,,,,,,,,,,,,,,,,
907193007,T_30_YF_UMP_BOOYAHDAY21_N,BR,,7,,,,,,,,,,,,,,,,,,,,,,,
907103001,拉美亡灵节主题枪械Thompson,EUROPE;ID;IND;BD;ME;PK;RU;SG;TH;TW;VN;ZA,,43,,,-0.009,,,,,,,,-0.025,,,,,,,-0.15,,,,,
907103002,拉美亡灵节主题枪械Kord,EUROPE;ID;IND;BD;ME;PK;RU;SG;TH;TW;VN;ZA,,54,,-8,-0.01,,,,,,,,,,,,,,,0.12,,,,,
907103003,浮世绘主题枪械AWM,EUROPE;ID;IND;BD;ME;PK;RU;SG;TH;TW;VN;ZA,,4,,,-0.18,,0.22,,,,,,,,,,-0.04,,,,,,,,
907103004,浮世绘主题枪械M1917,EUROPE;ID;IND;BD;ME;PK;RU;SG;TH;TW;VN;ZA,,55,,2,,,,1,1,,,,0.02,,,,,,,,,,,,
907103005,南非风格主题枪械ParaFal,EUROPE;ID;IND;BD;ME;PK;RU;SG;TH;TW;VN;ZA,,47,2,,,,,,,,,,-0.04,,,,,,,-0.1,,,,,
907103006,南非风格主题枪械Woodpecker,EUROPE;ID;IND;BD;ME;PK;RU;SG;TH;TW;VN;ZA,,48,,1,,,0.18,,,,,,,,,,-0.04,,,,,,,,
907103007,印度排灯节主题枪械Scar,EUROPE;ID;IND;BD;ME;PK;RU;SG;TH;TW;VN;ZA,,12,,-2,,,,4,3,,,,,,,,,,,,,,,,
907103008,印度排灯节主题枪械AC80,EUROPE;ID;IND;BD;ME;PK;RU;SG;TH;TW;VN;ZA,,89,,1,,,,3,5,,,,,,,,-0.04,,,,,,,,
907103009,锦蛇主题换皮枪械Kingfisher,EUROPE;ID;IND;BD;ME;PK;RU;SG;TH;TW;VN;ZA,,57,,,,,,,,,,,-0.02,,-0.1,,-0.04,,,0.1,,,,,
907103010,CS排位赛黄金主题M4A1,EUROPE;ID;IND;BD;ME;PK;RU;SG;TH;TW;VN;ZA,,2,,-2,,,,,,,,,-0.02,,,,,,,,,,,,
907103011,排位赛25赛季FF角色巴西男兵主题枪械AUG,EUROPE;ID;IND;BD;ME;PK;RU;SG;TH;TW;VN;ZA,,46,,,,,,,2,,,,,,,,,,,-0.1,,,,,
907103015,EP灭世魔龙主题武器皮肤MP5,EUROPE;ID;IND;BD;ME;PK;RU;SG;TH;TW;VN;ZA,,8,,2,-0.008,,,,,,,,,,,,-0.04,,,,,,,,
907103024,黑化色系治疗枪主题换皮枪械HealingSniper,EUROPE;ID;IND;BD;ME;PK;RU;SG;TH;TW;VN;ZA,,78,,,,,0.1,2,3,,,,0.02,,,,,,,,,,,,
907103025,孵化室酷派电能主题枪械AN94-绿,EUROPE;ID;IND;BD;ME;PK;RU;SG;TH;TW;VN;ZA;US;SAC;NA,,33,,,,,0.12,,4,2,,,,,,,,,,-0.1,,,,,
907103026,孵化室酷派电能主题枪械AN94-蓝,EUROPE;ID;IND;BD;ME;PK;RU;SG;TH;TW;VN;ZA;US;SAC;NA,,33,,,,,0.25,,,,,,-0.015,,,,-0.04,,,,,,,,
907103027,孵化室酷派电能主题枪械AN94-紫,EUROPE;ID;IND;BD;ME;PK;RU;SG;TH;TW;VN;ZA;US;SAC;NA,,33,,,-0.025,,,,,,,,-0.015,,,,,,,-0.1,,,,,
907103028,孵化室酷派电能主题枪械AN94-橙,EUROPE;ID;IND;BD;ME;PK;RU;SG;TH;TW;VN;ZA;US;SAC;NA,,33,4,-2,-0.014,,,,,,,,,,,,,,,,,,,,
907103032,MAX赛博贵族主题M4A1,EUROPE;ID;IND;BD;ME;PK;RU;SG;TH;TW;VN;ZA,,2,,2,,,,,3,,,,0.018,,,,,,,,,,,,
907103033,MAX赛博贵族主题AWM,EUROPE;ID;IND;BD;ME;PK;RU;SG;TH;TW;VN;ZA,,4,,1,,,,-3,,,,,,,,,,,,0.12,,,,,
907103001,拉美亡灵节主题枪械Thompson,US;SAC;NA,,43,,,-0.009,,,,,,,,-0.018,,,,,,,-0.16,,,,,
907103002,拉美亡灵节主题枪械Kord,US;SAC;NA,,54,,-8,-0.01,,,,,,,,,,,,,,,0.1,,,,,
907103003,浮世绘主题枪械AWM,US;SAC;NA,,4,,,-0.18,,0.12,,,,,,,,,,-0.04,,,,,,,,
907103004,浮世绘主题枪械M1917,US;SAC;NA,,55,,2,,,,1,1,,,,0.025,,,,,,,,,,,,
907103005,南非风格主题枪械ParaFal,US;SAC;NA,,47,2,,,,,,,,,,-0.02,,,,,,,-0.1,,,,,
907103006,南非风格主题枪械Woodpecker,US;SAC;NA,,48,,1,,,0.15,,,,,,,,,,-0.04,,,,,,,,
907103007,印度排灯节主题枪械Scar,US;SAC;NA,,12,,-2,,,,2,2,,,,,,,,,,,,,,,,
907103008,印度排灯节主题枪械AC80,US;SAC;NA,,89,,1,,,,2,3,,,,,,,,-0.04,,,,,,,,
907103009,锦蛇主题换皮枪械Kingfisher,US;SAC;NA,,57,,,,,,,,,,,-0.02,,-0.1,,-0.04,,,0.1,,,,,
907103010,CS排位赛黄金主题M4A1,US;SAC;NA,,2,,-2,,,,,,,,,-0.02,,,,,,,,,,,,
907103011,排位赛25赛季FF角色巴西男兵主题枪械AUG,US;SAC;NA,,46,,,,,,,2,,,,,,,,,,,-0.1,,,,,
907103015,EP灭世魔龙主题武器皮肤MP5,US;SAC;NA,,8,,2,-0.007,,,,,,,,,,,,-0.04,,,,,,,,
907103024,黑化色系治疗枪主题换皮枪械HealingSniper,US;SAC;NA,,78,,,,,0.1,2,3,,,,0.02,,,,,,,,,,,,
907103032,MAX赛博贵族主题M4A1,US;SAC;NA,,2,,2,,,,,2,,,,0.02,,,,,,,,,,,,
907103033,MAX赛博贵族主题AWM,US;SAC;NA,,4,,1,,,,-2,,,,,,,,,,,,0.1,,,,,
907103001,拉美亡灵节主题枪械Thompson,BR,,43,,,,,,,,,,,,,,,,,,,,,,,
907103002,拉美亡灵节主题枪械Kord,BR,,54,,,,,,,,,,,,,,,,,,,,,,,
907103003,浮世绘主题枪械AWM,BR,,4,,,,,,,,,,,,,,,,,,,,,,,
907103004,浮世绘主题枪械M1917,BR,,55,,,,,,,,,,,,,,,,,,,,,,,
907103005,南非风格主题枪械ParaFal,BR,,47,,,,,,,,,,,,,,,,,,,,,,,
907103006,南非风格主题枪械Woodpecker,BR,,48,,,,,,,,,,,,,,,,,,,,,,,
907103007,印度排灯节主题枪械Scar,BR,,12,,,,,,,,,,,,,,,,,,,,,,,
907103008,印度排灯节主题枪械AC80,BR,,89,,,,,,,,,,,,,,,,,,,,,,,
907103009,锦蛇主题换皮枪械Kingfisher,BR,,57,,,,,,,,,,,,,,,,,,,,,,,
907103010,CS排位赛黄金主题M4A1,BR,,2,,,,,,,,,,,,,,,,,,,,,,,
907103011,排位赛25赛季FF角色巴西男兵主题枪械AUG,BR,,46,,,,,,,,,,,,,,,,,,-0.1,,,,,
907103015,EP灭世魔龙主题武器皮肤MP5,BR,,8,,,,,,,,,,,,,,,,,,,,,,,
907103024,黑化色系治疗枪主题换皮枪械HealingSniper,BR,,78,,,,,,,,,,,,,,,,,,,,,,,
907103025,孵化室酷派电能主题枪械AN94-绿,BR,,33,,,,,,,,,,,,,,,,,,,,,,,
907103026,孵化室酷派电能主题枪械AN94-蓝,BR,,33,,,,,,,,,,,,,,,,,,,,,,,
907103027,孵化室酷派电能主题枪械AN94-紫,BR,,33,,,,,,,,,,,,,,,,,,,,,,,
907103028,孵化室酷派电能主题枪械AN94-橙,BR,,33,,,,,,,,,,,,,,,,,,,,,,,
907103032,MAX赛博贵族主题M4A1,BR,,2,,,,,,,,,,,,,,,,,,,,,,,
907103033,MAX赛博贵族主题AWM,BR,,4,,,,,,,,,,,,,,,,,,,,,,,
907002205,传奇服装扑克之夜主题MP40,BR,,15,,,,,,,,,,,,,,,,,,,,,,,
907002205,传奇服装扑克之夜主题MP40,EUROPE;ID;IND;BD;ME;PK;RU;SG;TH;TW;VN;ZA;US;SAC;NA,,15,2,,-0.009,,,,,,,,0.01,,,,,,,,,,,,
907102205,传奇服装扑克之夜主题MP40,BR,,15,,,,,,,,,,,,,,,,,,,,,,,
907102205,传奇服装扑克之夜主题MP40,EUROPE;ID;IND;BD;ME;PK;RU;SG;TH;TW;VN;ZA;US;SAC;NA,,15,2,,-0.009,,,,,,,,0.01,,,,,,,,,,,,
907202205,传奇服装扑克之夜主题MP40,BR,,15,,,,,,,,,,,,,,,,,,,,,,,
907202205,传奇服装扑克之夜主题MP40,EUROPE;ID;IND;BD;ME;PK;RU;SG;TH;TW;VN;ZA;US;SAC;NA,,15,2,,-0.009,,,,,,,,0.01,,,,,,,,,,,,
907193101,龙枪M4A1,EUROPE;ID;IND;BD;ME;PK;RU;SG;TH;TW;VN;ZA;US;SAC;NA,,2,,,,,,,,,,,,,,,,,,,,,,,
907193102,龙枪M4A1,EUROPE;ID;IND;BD;ME;PK;RU;SG;TH;TW;VN;ZA;US;SAC;NA,,2,,,,,,,,,,,,,,,,,,,,,,,
907193103,龙枪M4A1,EUROPE;ID;IND;BD;ME;PK;RU;SG;TH;TW;VN;ZA;US;SAC;NA,,2,,,,,,,,,,,,,,,,,,,,,,,
907193104,龙枪M4A1,EUROPE;ID;IND;BD;ME;PK;RU;SG;TH;TW;VN;ZA;US;SAC;NA,,2,,,,,,,,,,,,,,,,,,,,,,,
907193105,龙枪M4A1,EUROPE;ID;IND;BD;ME;PK;RU;SG;TH;TW;VN;ZA;US;SAC;NA,,2,,,,,,,,,,,,,,,,,,,,,,,
907193106,龙枪M4A1,EUROPE;ID;IND;BD;ME;PK;RU;SG;TH;TW;VN;ZA;US;SAC;NA,,2,,,,,,,,,,,,,,,,,,,116,,,,
907193107,龙枪M4A1,EUROPE;ID;IND;BD;ME;PK;RU;SG;TH;TW;VN;ZA;US;SAC;NA,,2,,,,,,,,,,,,,,,,,,,116,,,,
907193101,龙枪M4A1,BR,,2,,,,,,,,,,,,,,,,,,,,,,,
907193102,龙枪M4A1,BR,,2,,,,,,,,,,,,,,,,,,,,,,,
907193103,龙枪M4A1,BR,,2,,,,,,,,,,,,,,,,,,,,,,,
907193104,龙枪M4A1,BR,,2,,,,,,,,,,,,,,,,,,,,,,,
907193105,龙枪M4A1,BR,,2,,,,,,,,,,,,,,,,,,,,,,,
907193106,龙枪M4A1,BR,,2,,,,,,,,,,,,,,,,,,,116,,,,
907193107,龙枪M4A1,BR,,2,,,,,,,,,,,,,,,,,,,116,,,,
907103107,四元素主題槍械 红M1887,EUROPE;ID;IND;BD;ME;PK;RU;SG;TH;TW;VN;ZA;US;SAC;NA,,41,1,,-0.06,,,,,,,,,,,,-0.04,,,,,,,,
907103108,四元素主題槍械 蓝M1887,EUROPE;ID;IND;BD;ME;PK;RU;SG;TH;TW;VN;ZA;US;SAC;NA,,41,1,,,,,1,2,,,,0.05,,,,,,,,,,,,
907103109,四元素主題槍械 黄M1887,EUROPE;ID;IND;BD;ME;PK;RU;SG;TH;TW;VN;ZA;US;SAC;NA,,41,,,-0.03,,,,,,,,-0.12,,,,-0.04,,,,,,,,
907103110,四元素主題槍械 土黄M1887,EUROPE;ID;IND;BD;ME;PK;RU;SG;TH;TW;VN;ZA;US;SAC;NA,,41,,,,,0.1,,,,,,0.05,,,,,,,0.25,,,,,
907103113,紫鲤战鬼主题枪械MP5,EUROPE;ID;IND;BD;ME;PK;RU;SG;TH;TW;VN;ZA;US;SAC;NA,,8,,-2,-0.013,,0.12,,,,,,,,,,,,,,,,,,
907103114,紫鲤战鬼主题枪械PARAFAL,EUROPE;ID;IND;BD;ME;PK;RU;SG;TH;TW;VN;ZA,,47,,,-0.02,,0.11,,,,,,,,,,-0.04,,,,,,,,
907103111,煌金狮子主题枪械GROZA,EUROPE;ID;IND;BD;ME;PK;RU;SG;TH;TW;VN;ZA,,14,2,-2,,,,5,4,2,,,,,,,,,,,,,,,
907103112,煌金狮子主题枪械AC80,EUROPE;ID;IND;BD;ME;PK;RU;SG;TH;TW;VN;ZA,,89,3,-1,,,,,,,,,,,,,,,,-0.1,,,,,
907103115,蔚蓝凤凰主题枪械Mini Uzi,EUROPE;ID;IND;BD;ME;PK;RU;SG;TH;TW;VN;ZA,,58,,3,,,,,,,,,0.01,,0.1,,,,,0.1,,,,,
907103116,蔚蓝凤凰主题枪械AUG,EUROPE;ID;IND;BD;ME;PK;RU;SG;TH;TW;VN;ZA,,46,,-2,-0.014,,0.12,,,,,,,,,,,,,,,,,,
907103140,LCDP合作套装主题枪械Woodpecker,EUROPE;ID;IND;BD;ME;PK;RU;SG;TH;TW;VN;ZA;US;SAC;NA,,48,,,-0.02,,,4,4,,,,,,,,,,,-0.01,,,,,
907103141,LCDP合作套装主题枪械Vector,EUROPE;ID;IND;BD;ME;PK;RU;SG;TH;TW;VN;ZA,,49,,4,,,,,,,,,0.013,,,,,,,,,,,,
907103117,冰雪节主题枪械Healing Sniper,EUROPE;ID;IND;BD;ME;PK;RU;SG;TH;TW;VN;ZA,,78,,,-0.03,,0.2,,,,,,,,,,-0.04,,,,,,,,
907103118,冰雪节主题枪械M249,EUROPE;ID;IND;BD;ME;PK;RU;SG;TH;TW;VN;ZA,,19,,-8,-0.009,,,,,,,,-0.015,,,,,,,,,,,,
907103119,吟游诗人主题枪械 Kingfisher,EUROPE;ID;IND;BD;ME;PK;RU;SG;TH;TW;VN;ZA,,57,1,4,,,,,,,,,,,,,,,,-0.1,,,,,
907103120,吟游诗人主题枪械 Desert Eagle,EUROPE;ID;IND;BD;ME;PK;RU;SG;TH;TW;VN;ZA,,9,,-1,-0.04,,,,,,,,-0.03,,,,,,,,,,,,
907103121,怪兽主题换皮枪械OB31 New Gun,EUROPE;ID;IND;BD;ME;PK;RU;SG;TH;TW;VN;ZA,,88,,2,,,,,2,,,,,,,,,,,-0.1,,,,,
907103122,冰雪节主题换皮枪械G18,EUROPE;ID;IND;BD;ME;PK;RU;SG;TH;TW;VN;ZA,,10,,2,-0.01,,,,,,,,,,,,,,,-0.1,,,,,
907103123,冰雪节主题换皮枪械M500,EUROPE;ID;IND;BD;ME;PK;RU;SG;TH;TW;VN;ZA,,25,,,,,0.1,,2,,,,,,,,,,,-0.1,,,,,
907103124,冰雪节主题换皮枪械M1873,EUROPE;ID;IND;BD;ME;PK;RU;SG;TH;TW;VN;ZA,,20,,,,,,1,1,,,,-0.1,,,,,,,-0.05,,,,,
907103125,冰雪节主题换皮枪械USP,EUROPE;ID;IND;BD;ME;PK;RU;SG;TH;TW;VN;ZA,,3,,-2,-0.04,,,2,2,,,,,,,,,,,,,,,,
907103126,New Year 主题换皮枪械M60,EUROPE;ID;IND;BD;ME;PK;RU;SG;TH;TW;VN;ZA,,30,2,5,,,,,,,,,,,,,-0.04,,,,,,,,
907103127,排位賽黄金主題UMP,EUROPE;ID;IND;BD;ME;PK;RU;SG;TH;TW;VN;ZA,,7,,,,,,,2,1,,,0.008,,,,,,,,,,,,
907103128,排位賽FF角色主題槍械 LauraFAMAS,EUROPE;ID;IND;BD;ME;PK;RU;SG;TH;TW;VN;ZA,,24,,,,,,,3,2,,,,,,,,,,-0.1,,,,,
907103114,紫鲤战鬼主题枪械PARAFAL,US;SAC;NA,,47,,,-0.019,,0.1,,,,,,,,,,-0.05,,,,,,,,
907103111,煌金狮子主题枪械GROZA,US;SAC;NA,,14,2,-2,,,,5,4,2,,,,,,,,,,,,,,,
907103112,煌金狮子主题枪械AC80,US;SAC;NA,,89,3,-1,,,,,,,,,,,,,,,,-0.1,,,,,
907103115,蔚蓝凤凰主题枪械Mini Uzi,US;SAC;NA,,58,,2,,,,,,,,,0.01,,0.15,,,,,0.1,,,,,
907103116,蔚蓝凤凰主题枪械AUG,US;SAC;NA,,46,,-2,-0.014,,0.12,,,,,,,,,,,,,,,,,,
907103141,LCDP合作套装主题枪械Vector,US;SAC;NA,,49,,4,,,,,,,,,0.013,,,,,,,,,,,,
907103117,冰雪节主题枪械Healing Sniper,US;SAC;NA,,78,,,-0.03,,0.1,,,,,,,,,,-0.04,,,,,,,,
907103118,冰雪节主题枪械M249,US;SAC;NA,,19,,-8,-0.009,,,,,,,,-0.015,,,,,,,,,,,,
907103119,吟游诗人主题枪械 Kingfisher,US;SAC;NA,,57,1,2,,,,,,,,,,,,,,,,-0.1,,,,,
907103120,吟游诗人主题枪械 Desert Eagle,US;SAC;NA,,9,,-1,-0.04,,,,,,,,-0.03,,,,,,,,,,,,
907103121,怪兽主题换皮枪械OB31 New Gun,US;SAC;NA,,88,,2,,,,,2,,,,,,,,,,,-0.1,,,,,
907103122,冰雪节主题换皮枪械G18,US;SAC;NA,,10,,2,-0.01,,,,,,,,,,,,,,,-0.1,,,,,
907103123,冰雪节主题换皮枪械M500,US;SAC;NA,,25,,,,,0.1,,2,,,,,,,,,,,-0.1,,,,,
907103124,冰雪节主题换皮枪械M1873,US;SAC;NA,,20,,,,,,1,1,,,,-0.1,,,,,,,-0.05,,,,,
907103125,冰雪节主题换皮枪械USP,US;SAC;NA,,3,,-2,-0.04,,,2,2,,,,,,,,,,,,,,,,
907103126,New Year 主题换皮枪械M60,US;SAC;NA,,30,2,5,,,,,,,,,,,,,-0.04,,,,,,,,
907103127,排位賽黄金主題UMP,US;SAC;NA,,7,,,,,,,2,1,,,0.008,,,,,,,,,,,,
907103128,排位賽FF角色主題槍械 LauraFAMAS,US;SAC;NA,,24,,,,,,,3,2,,,,,,,,,,-0.1,,,,,
907192901,鬼面famas lv1,EUROPE;ID;IND;BD;ME;PK;RU;SG;TH;TW;VN;ZA,,24,2,,-0.005,-0.004,,,,,,,,,,,,,,-0.2,,,,,
907192902,鬼面famas lv2,EUROPE;ID;IND;BD;ME;PK;RU;SG;TH;TW;VN;ZA,,24,2,,-0.005,-0.004,,,,,,,,,,,,,,-0.1,,,,,
907192903,鬼面famas lv3,EUROPE;ID;IND;BD;ME;PK;RU;SG;TH;TW;VN;ZA,,24,2,,-0.005,-0.004,,,,,,,,,,,,,,-0.1,,,,,
907192904,鬼面famas lv4,EUROPE;ID;IND;BD;ME;PK;RU;SG;TH;TW;VN;ZA,,24,5,,-0.005,-0.004,,,,,,,,,,,,,,-0.1,,,,,
907192905,鬼面famas lv5,EUROPE;ID;IND;BD;ME;PK;RU;SG;TH;TW;VN;ZA,,24,5,,-0.005,-0.004,,,,,,,,,,,,,,-0.1,,,,,
907192906,鬼面famas lv6,EUROPE;ID;IND;BD;ME;PK;RU;SG;TH;TW;VN;ZA,,24,5,,-0.005,-0.004,,,,,,,,,,,,,,-0.1,88,,,,
907192907,鬼面famas lv7,EUROPE;ID;IND;BD;ME;PK;RU;SG;TH;TW;VN;ZA,,24,5,,-0.005,-0.004,,,,,,,,,,,,,,-0.1,88,,,,
907103205,音乐飓风主题枪械-Kord,EUROPE;ID;IND;BD;ME;PK;RU;SG;TH;TW;VN;ZA,,54,,-8,-0.01,,,,,,,,-0.012,,,,,,,,,,,,
907103206,孵化室音乐主题枪械GROZA- Jewel Mystified,EUROPE;ID;IND;BD;ME;PK;RU;SG;TH;TW;VN;ZA;US;SAC;NA,,14,,,,,,5,2,1,,,-0.06,,,,,,,-0.1,,,,,
907103207,孵化室音乐主题枪械GROZA- Flames Enchanted,EUROPE;ID;IND;BD;ME;PK;RU;SG;TH;TW;VN;ZA;US;SAC;NA,,14,,-2,,,0.25,,,,,,-0.03,,,,,,,,,,,,
907103208,孵化室音乐主题枪械GROZA- Airburst Entranced,EUROPE;ID;IND;BD;ME;PK;RU;SG;TH;TW;VN;ZA;US;SAC;NA,,14,,,-0.015,,,5,4,2,,,,,,,,,,-0.1,,,,,
907103209,孵化室音乐主题枪械GROZA- Thunder Electrified,EUROPE;ID;IND;BD;ME;PK;RU;SG;TH;TW;VN;ZA;US;SAC;NA,,14,4,,,,0.12,,,,,,,,,,-0.06,,,,,,,,
907103210,天魔人间主题枪械-Thompson,EUROPE;ID;IND;BD;ME;PK;RU;SG;TH;TW;VN;ZA;US;SAC;NA,,43,1,-2,,,,,,,,,-0.025,,,,,,,,,,,,
907103211,天魔人间主题枪械-M21A5,EUROPE;ID;IND;BD;ME;PK;RU;SG;TH;TW;VN;ZA;US;SAC;NA,,48,,-1,,,0.18,4,4,,,,,,,,,,,,,,,,
907103212,赛博敦煌主题枪械-Mac10,EUROPE;ID;IND;BD;ME;PK;RU;SG;TH;TW;VN;ZA,,88,,,,,,4,3,1,,,-0.01,,,,-0.09,,,,,,,,
907103213,赛博敦煌主题枪械-SVD,EUROPE;ID;IND;BD;ME;PK;RU;SG;TH;TW;VN;ZA,,26,,2,,,,,4,,,,0.02,,,,,,,,,,,,
907103214,IND主题枪械-M1917,EUROPE;ID;IND;BD;ME;PK;RU;SG;TH;TW;VN;ZA,,55,,2,-0.01,,,,,,,,,,,,,,,-0.1,,,,,
907103215,印度板球手MS合作枪械-Mini,EUROPE;ID;IND;BD;ME;PK;RU;SG;TH;TW;VN;ZA,,89,,-1,-0.025,,,2,3,,,,,,,,,,,,,,,,
907103216,情人节主题枪械-BLT,EUROPE;ID;IND;BD;ME;PK;RU;SG;TH;TW;VN;ZA,,45,,,,,0.25,,,,,,,,,,-0.04,,,0.1,,,,,
907103217,情人节主题枪械-MP5,EUROPE;ID;IND;BD;ME;PK;RU;SG;TH;TW;VN;ZA,,8,2,,,,,,,,,,-0.01,,,,,,,-0.1,,,,,
907103218,怪兽主题枪械-chargeshot,EUROPE;ID;IND;BD;ME;PK;RU;SG;TH;TW;VN;ZA,,86,,,,,,2,1,,,,0.15,,,,,,,0.1,,,,,
907103219,CS排位赛11赛季黄金主题-SKS,EUROPE;ID;IND;BD;ME;PK;RU;SG;TH;TW;VN;ZA,,18,,,,,0.1,,-2,,,,,,,,,,,,,,,,
907103220,排位赛27赛季FF角色Caroline主题枪械-SPAS12,EUROPE;ID;IND;BD;ME;PK;RU;SG;TH;TW;VN;ZA,,29,,1,,,,,,,,,0.02,,0.2,,,,,,,,,,
907103231,越南王室潮服主题枪械-AUG,EUROPE;ID;IND;BD;ME;PK;RU;SG;TH;TW;VN;ZA,,46,2,,,,,,,,,,,,,,-0.04,,,0.1,,,,,
907103232,越南王室潮服主题枪械-M1014,EUROPE;ID;IND;BD;ME;PK;RU;SG;TH;TW;VN;ZA,,5,,,,,0.18,2,1,,,,0.08,,,,,,,,,,,,
907103233,AC合作款主题枪械-AWM,EUROPE;ID;IND;BD;ME;PK;RU;SG;TH;TW;VN;ZA;US;SAC;NA,,4,13,,,,0.22,,,,,,,,,,-0.04,,,,,,,,
907103234,AC合作款主题枪械-Eagle,EUROPE;ID;IND;BD;ME;PK;RU;SG;TH;TW;VN;ZA;US;SAC;NA,,9,,,-0.04,,,,5,,,,,,,,,,,-0.1,,,,,
907192901,鬼面famas lv1,US;SAC;NA,,24,2,,-0.005,-0.004,,,,,,,,,,,,,,-0.22,,,,,
907192902,鬼面famas lv2,US;SAC;NA,,24,2,,-0.005,-0.004,,,,,,,,,,,,,,-0.11,,,,,
907192903,鬼面famas lv3,US;SAC;NA,,24,2,,-0.005,-0.004,,,,,,,,,,,,,,-0.11,,,,,
907192904,鬼面famas lv4,US;SAC;NA,,24,5,,-0.005,-0.004,,,,,,,,,,,,,,-0.11,,,,,
907192905,鬼面famas lv5,US;SAC;NA,,24,5,,-0.005,-0.004,,,,,,,,,,,,,,-0.11,,,,,
907192906,鬼面famas lv6,US;SAC;NA,,24,5,,-0.005,-0.004,,,,,,,,,,,,,,-0.11,88,,,,
907192907,鬼面famas lv7,US;SAC;NA,,24,5,,-0.005,-0.004,,,,,,,,,,,,,,-0.11,88,,,,
907103205,音乐飓风主题枪械-Kord,US;SAC;NA,,54,,-8,-0.01,,,,,,,,-0.012,,,,,,,,,,,,
907103212,赛博敦煌主题枪械-Mac10,US;SAC;NA,,88,,,,,,4,3,1,,,-0.01,,,,-0.1,,,,,,,,
907103213,赛博敦煌主题枪械-SVD,US;SAC;NA,,26,,2,,,,,4,,,,0.02,,,,,,,,,,,,
907103214,IND主题枪械-M1917,US;SAC;NA,,55,,2,-0.01,,,,,,,,,,,,,,,-0.1,,,,,
907103215,印度板球手MS合作枪械-Mini,US;SAC;NA,,89,,-1,-0.025,,,2,2,,,,,,,,,,,,,,,,
907103216,情人节主题枪械-BLT,US;SAC;NA,,45,,,,,0.13,,,,,,,,,,-0.05,,,0.1,,,,,
907103217,情人节主题枪械-MP5,US;SAC;NA,,8,2,,,,,,,,,,-0.01,,,,,,,-0.12,,,,,
907103218,怪兽主题枪械-chargeshot,US;SAC;NA,,86,,,,,,2,1,,,,0.15,,,,,,,0.1,,,,,
907103219,CS排位赛11赛季黄金主题-SKS,US;SAC;NA,,18,,,,,0.1,,-2,,,,,,,,,,,,,,,,
907103220,排位赛27赛季FF角色Caroline主题枪械-SPAS12,US;SAC;NA,,29,,1,,,,,,,,,0.02,,0.2,,,,,,,,,,
907103231,越南王室潮服主题枪械-AUG,US;SAC;NA,,46,1,,,,,,,,,,,,,,-0.04,,,0.1,,,,,
907103232,越南王室潮服主题枪械-M1014,US;SAC;NA,,5,,,,,0.18,2,1,,,,0.1,,,,,,,,,,,,
